date,ticker,name,market,sector,entry,pivot,cup_depth,handle_depth,cup_days,handle_days,vol_ratio,rs,score,r5,r20,r60,alpha5,alpha20,alpha60,r1,r3,r10,r15,r30,r40,r50,r75,r90
2026-01-12,000120,CJ대한통운,KOSPI,기타,98300.0,100900.0,15.6,7.6,76,15,1.52,4.6,43,-0.92,19.13,,-5.36,1.74,,-0.2,0.1,0.81,0.71,36.83,13.84,,,
2026-01-14,000120,CJ대한통운,KOSPI,기타,99600.0,100900.0,15.6,7.6,76,17,1.51,0.7,43,-1.61,46.29,,-4.74,24.72,,-1.2,-2.21,-0.3,3.82,28.31,14.86,,,
2024-03-21,005830,DB손해보험,KOSPI,기타,103100.0,106200.0,19.3,5.8,82,6,1.78,18.8,72,-6.6,-15.13,7.37,-5.38,10.11,25.81,0.48,0.1,-7.76,-14.55,-7.66,-2.52,1.07,5.43,5.82
2026-03-09,069730,DSR제강,KOSPI,기타,4405.0,4450.0,17.1,12.1,44,10,2.6,0.1,54,9.53,,,5.97,,,8.97,8.63,,,,,,,
2024-11-15,082740,한화엔진,KOSPI,기타,16090.0,16390.0,23.6,7.9,56,5,2.59,66.9,95,3.73,3.29,61.28,-0.67,-1.36,54.93,-3.17,1.43,0.12,-8.2,14.61,63.14,49.78,45.43,39.84
2024-02-16,002380,KCC,KOSPI,기타,266000.0,271500.0,18.8,6.3,81,8,2.35,10.1,70,3.38,3.2,18.05,3.74,-0.63,32.66,6.58,1.88,5.45,4.51,-3.2,-13.16,-5.26,7.33,14.85
2024-06-20,009070,KCTC,KOSPI,기타,4660.0,4745.0,25.5,5.4,63,5,2.58,30.1,95,-0.21,-11.37,8.37,0.81,-12.53,12.01,0.75,3.33,-6.97,-6.97,35.19,16.09,-5.47,3.0,-3.22
2024-06-21,009070,KCTC,KOSPI,기타,4695.0,4745.0,25.5,5.4,63,6,2.59,30.6,95,3.62,-13.53,9.27,3.54,-13.67,12.86,0.64,1.6,-8.2,-8.63,26.73,8.2,-3.62,1.06,-3.83
2024-06-24,009070,KCTC,KOSPI,기타,4725.0,4745.0,25.5,5.4,63,7,2.81,32.1,95,-0.53,-15.03,6.67,-0.83,-15.36,8.04,1.9,-1.59,-8.78,-10.79,7.09,7.72,5.61,1.16,-8.36
2024-02-01,001940,KISCO홀딩스,KOSPI,기타,26700.0,27000.0,27.6,13.7,66,13,2.1,27.6,84,8.24,-1.31,-13.67,7.91,-4.57,4.32,-0.19,1.12,2.81,-4.68,-3.75,-14.98,-19.48,-20.41,-24.34
2024-02-02,001940,KISCO홀딩스,KOSPI,기타,26650.0,27000.0,27.6,13.7,66,14,2.16,26.5,84,6.94,1.31,-14.26,8.23,-1.12,3.75,3.38,6.94,3.94,-3.75,-3.19,-16.14,-17.64,-22.14,-24.95
2025-06-24,001940,KISCO홀딩스,KOSPI,기타,26300.0,27100.0,18.9,6.8,58,12,1.48,17.8,67,-0.38,1.14,1.52,-2.7,-4.47,-7.38,-0.19,-5.89,4.75,5.7,-7.6,-2.28,-2.47,-4.18,-3.8
2025-11-10,051915,LG화학우,KOSPI,기타,200500.0,205000.0,42.5,8.9,83,9,1.65,21.8,64,-0.8,-0.85,-22.64,-0.62,-1.89,-37.19,0.25,3.74,-9.78,-4.29,-12.97,-23.14,-13.37,-26.03,
2025-11-11,051915,LG화학우,KOSPI,기타,201000.0,205000.0,42.5,8.9,83,10,1.48,26.6,72,-4.53,-1.39,-23.78,-3.16,-3.22,-37.89,0.0,0.5,-8.76,-3.53,-13.93,-24.53,-12.44,-20.5,
2026-01-19,005490,POSCO홀딩스,KOSPI,기타,347500.0,352500.0,21.5,6.0,51,5,4.05,5.4,76,5.04,11.94,,1.92,-10.12,,2.88,3.45,-1.73,4.6,1.73,,,,
2025-03-04,003570,SNT다이내믹스,KOSPI,기타,31750.0,31850.0,36.4,10.5,53,7,1.58,78.3,73,13.23,-3.46,32.28,10.33,-5.62,20.78,6.46,13.23,10.08,-0.63,3.15,2.2,10.08,68.5,71.34
2025-07-07,006120,SK디스커버리,KOSPI,기타,60400.0,61900.0,16.8,5.5,50,5,1.95,38.5,80,1.99,-12.09,-10.76,-5.9,-11.79,-12.93,1.82,5.96,-1.66,-9.11,-16.56,-15.07,-9.93,0.66,8.11
2024-07-16,071970,HD현대마린엔진,KOSPI,기타,19100.0,19270.0,21.8,10.1,35,12,3.86,87.6,98,17.28,15.71,10.47,16.24,17.5,17.36,12.57,1.94,23.82,13.87,4.97,-10.99,-0.16,7.59,6.02
2024-10-02,010130,고려아연,KOSPI,기타,713000.0,735000.0,17.7,6.4,59,8,4.25,54.2,96,11.36,40.81,41.09,12.65,44.55,49.64,8.84,8.84,15.57,75.74,44.88,65.5,71.81,6.45,14.17
2025-09-08,002990,금호건설,KOSPI,기타,4080.0,4120.0,24.5,10.8,43,14,2.11,15.3,79,-2.21,-9.93,-1.23,-6.38,-5.57,-2.95,-1.72,-0.12,-3.06,-10.91,-12.75,-17.03,-9.44,-2.21,0.86
2025-09-09,002990,금호건설,KOSPI,기타,4010.0,4120.0,24.5,10.8,43,15,2.24,12.9,71,0.0,-9.85,0.0,-3.2,-4.09,-1.25,-0.12,-0.87,-4.99,-10.85,-10.97,-10.85,-10.6,5.11,7.23
2025-09-10,002990,금호건설,KOSPI,기타,4005.0,4120.0,24.5,10.8,43,16,2.28,12.3,71,-0.5,-6.74,0.75,-1.86,-1.54,1.76,1.75,-0.37,-5.87,-10.99,-11.61,-8.74,-7.87,9.61,7.24
2025-09-11,002990,금호건설,KOSPI,기타,4075.0,4120.0,24.5,10.8,43,17,2.29,13.0,71,-2.09,-10.06,3.07,-3.99,-4.92,3.9,-2.45,-1.6,-7.73,-12.27,-13.37,-9.69,-9.08,5.03,2.94
2025-09-30,353200,대덕전자,KOSPI,기타,28250.0,29100.0,37.1,8.6,36,5,1.78,53.1,80,11.15,39.47,69.73,14.27,39.28,69.27,4.6,25.31,11.68,27.43,79.82,68.14,59.29,78.76,103.54
2025-10-27,35320K,대덕전자1우,KOSPI,기타,11220.0,11490.0,16.2,9.6,46,12,1.69,22.3,67,4.19,39.57,33.24,5.45,40.2,26.77,-0.98,1.16,18.36,28.52,33.24,34.22,16.67,46.17,44.47
2025-10-29,35320K,대덕전자1우,KOSPI,기타,11400.0,11490.0,16.2,9.6,46,14,1.66,24.1,67,10.0,44.91,33.77,14.02,44.77,26.13,-0.44,2.54,24.91,47.11,33.95,28.07,14.04,45.96,42.63
2024-11-22,042660,한화오션,KOSPI,기타,38150.0,39200.0,23.0,8.5,126,7,1.81,53.4,84,-8.26,-12.45,97.12,-8.49,-11.54,94.38,-1.05,-4.59,-16.38,-10.75,16.12,38.66,65.92,109.96,79.82
2024-09-20,000640,동아쏘시오홀딩스,KOSPI,기타,125600.0,128200.0,15.7,8.6,36,14,1.73,30.0,80,-3.82,-2.23,-16.48,-3.31,3.82,-8.43,-0.32,-3.26,-9.0,-2.87,-0.64,-11.46,-18.31,-19.9,-20.7
2024-09-23,000640,동아쏘시오홀딩스,KOSPI,기타,125200.0,128200.0,15.7,8.6,36,15,2.01,29.5,86,-6.31,-2.4,-11.9,-4.61,3.94,-2.79,-1.6,-2.16,-10.3,-1.44,-2.08,-12.94,-19.81,-20.13,-19.89
2024-01-10,170900,동아에스티,KOSPI,기타,68900.0,69900.0,23.3,6.7,50,6,2.21,12.0,74,-3.05,-2.9,-1.02,0.92,-8.57,-10.49,-2.9,-4.35,-1.02,-0.73,1.45,19.01,9.0,-1.89,-11.76
2025-08-08,002900,TYM,KOSPI,기타,5590.0,5750.0,29.6,5.9,42,5,6.47,11.5,84,1.07,6.8,10.91,5.76,5.97,9.4,3.94,0.18,3.4,0.0,4.11,-0.54,10.02,12.52,17.17
2026-03-18,336260,두산퓨얼셀,KOSPI,기타,46200.0,46250.0,17.7,8.1,50,5,2.06,78.3,86,,,,,,,-0.65,,,,,,,,
2025-10-15,33626K,두산퓨얼셀1우,KOSPI,기타,7460.0,7570.0,21.8,13.2,74,19,1.48,31.1,74,-3.89,17.83,-7.51,-6.01,12.0,-10.63,3.89,-0.4,16.62,22.92,1.21,-0.54,-5.76,-8.45,5.76
2026-03-18,33626K,두산퓨얼셀1우,KOSPI,기타,8410.0,8600.0,16.6,7.0,92,5,1.59,13.5,59,,,,,,,-1.07,,,,,,,,
2026-01-12,003160,디아이,KOSPI,기타,28800.0,29550.0,27.3,8.5,59,5,2.52,64.1,95,2.08,29.17,,-2.36,11.78,,3.3,4.51,9.9,9.38,27.08,11.11,,,
2025-06-19,026890,스틱인베스트먼트,KOSPI,기타,10840.0,11000.0,22.0,6.4,48,6,1.52,16.5,71,0.92,4.8,7.2,0.12,-4.56,-1.91,1.57,3.51,-0.83,5.54,-8.3,-11.07,-6.27,-2.31,-4.06
2026-01-16,204320,HL만도,KOSPI,기타,64200.0,65400.0,25.3,14.1,59,11,1.75,59.9,79,2.02,-9.35,,-1.62,-29.47,,4.98,11.21,-0.62,-9.5,-16.04,-17.45,,,
2025-04-14,033920,무학,KOSPI,기타,6860.0,6860.0,18.6,6.0,82,20,1.48,27.1,75,3.35,4.66,26.68,1.98,-2.02,-7.89,0.29,2.62,3.5,4.96,16.03,18.66,13.27,13.12,12.83
2026-01-12,006800,미래에셋증권,KOSPI,기타,28650.0,28700.0,24.1,5.6,39,5,1.81,99.2,84,11.52,86.39,,7.08,69.0,,-0.7,7.33,16.23,39.79,156.89,142.58,,,
2025-09-26,003610,방림,KOSPI,기타,5070.0,5190.0,26.1,8.0,38,7,2.39,21.6,82,0.2,-1.58,13.21,-0.26,-3.84,9.5,-0.79,-3.25,0.2,7.1,-0.99,15.78,15.98,7.1,20.32
2024-08-06,207940,삼성바이오로직스,KOSPI,기타,928000.0,940000.0,15.4,5.3,76,7,1.59,27.8,75,1.19,1.94,7.22,-2.12,1.18,12.35,3.45,3.45,2.16,6.79,17.13,7.22,12.18,7.76,3.23
2025-02-12,010140,삼성중공업,KOSPI,기타,13460.0,13670.0,20.2,7.9,63,13,1.43,46.4,79,9.44,4.61,5.94,6.97,3.51,1.96,-0.37,-5.57,11.07,11.0,2.3,3.64,8.4,25.41,21.25
2025-03-05,010140,삼성중공업,KOSPI,기타,15000.0,15050.0,20.2,7.3,63,6,1.58,61.8,79,-4.27,-7.47,11.93,-6.32,-9.03,1.9,-0.4,-3.13,1.4,-6.2,-3.4,-2.87,-4.67,10.2,19.33
2025-11-20,031440,신세계푸드,KOSPI,기타,42000.0,42350.0,16.4,6.1,88,5,1.59,4.1,43,-6.07,13.93,13.69,-5.01,14.26,-13.82,-0.24,-2.98,-10.0,-3.33,13.57,13.33,13.1,15.71,
2025-05-20,001720,신영증권,KOSPI,기타,109300.0,110600.0,15.6,8.5,119,6,1.85,42.2,80,-2.38,7.69,18.02,-5.42,-8.05,-0.01,1.46,1.1,7.78,11.07,12.44,28.55,17.02,25.43,20.4
2025-06-09,009270,신원,KOSPI,기타,1873.0,1920.0,20.8,6.4,68,5,9.79,28.9,100,-1.82,-7.05,-9.24,-1.94,-9.8,-13.11,-4.0,2.08,-8.54,-8.97,-7.79,-7.79,-0.43,-4.38,-1.98
2025-06-12,009270,신원,KOSPI,기타,1912.0,1920.0,20.8,8.0,68,8,5.38,37.8,100,-5.7,-1.26,-13.02,-5.58,-9.27,-18.48,-2.51,-4.76,-8.32,-5.54,-15.69,-9.41,-1.31,-12.45,-7.43
2025-06-13,009270,신원,KOSPI,기타,1864.0,1920.0,20.8,8.0,68,9,2.87,38.5,95,-5.15,-1.66,-12.02,-7.77,-11.41,-21.41,-1.34,-4.02,-7.99,-5.85,-11.96,1.88,-0.05,-9.82,-4.24
2024-05-09,090430,아모레퍼시픽,KOSPI,기타,168900.0,173400.0,23.0,5.0,87,5,1.47,52.2,79,2.96,4.26,-5.45,0.9,4.14,0.21,1.12,0.06,9.24,14.98,2.31,-10.36,5.21,-27.59,-18.47
2025-07-16,078520,에이블씨엔씨,KOSPI,기타,9230.0,9400.0,26.4,7.9,127,5,3.0,0.1,68,-0.76,9.43,10.08,2.19,14.89,15.48,6.39,0.76,4.33,9.43,53.3,45.18,21.89,1.73,0.33
2025-08-14,078520,에이블씨엔씨,KOSPI,기타,11100.0,11300.0,23.3,10.6,68,5,1.56,36.6,76,1.98,17.12,-18.74,3.57,10.12,-22.48,1.62,2.97,23.6,26.4,-0.54,-9.01,-12.25,-13.42,-7.3
2025-10-30,085310,엔케이,KOSPI,기타,1560.0,1605.0,25.9,10.0,53,8,1.51,70.4,79,-14.62,-15.71,-25.06,-14.26,-16.94,-35.0,-1.99,-8.72,-17.63,-12.05,-16.35,-23.33,-21.67,-24.04,-31.54
2025-04-09,002630,오리엔트바이오,KOSPI,기타,2130.0,2175.0,20.2,14.4,82,6,2.61,208.7,90,-16.15,-16.43,-63.43,-20.56,-27.4,-97.87,-2.82,-12.39,-28.87,-22.77,-41.41,-57.32,-62.07,-68.54,-70.23
2025-12-02,010400,우진아이엔에스,KOSPI,기타,3920.0,4025.0,22.7,9.6,121,8,4.45,14.8,84,0.51,6.63,-4.72,-0.83,8.81,-19.01,2.55,4.21,-2.55,-3.06,0.89,0.26,3.95,,
2025-12-03,010400,우진아이엔에스,KOSPI,기타,4020.0,4025.0,21.6,9.6,112,9,1.6,19.3,71,-4.1,18.28,-7.84,-1.83,22.01,-18.93,-2.74,-1.99,-3.73,-5.1,-0.5,-0.12,-2.11,,
2025-12-04,010400,우진아이엔에스,KOSPI,기타,3910.0,4025.0,21.6,9.6,112,10,1.45,16.0,71,-3.58,16.88,-6.01,-2.62,19.85,-12.64,4.48,0.77,-2.3,3.58,2.43,4.35,-1.28,,
2025-06-19,014830,유니드,KOSPI,기타,92500.0,94700.0,31.2,12.0,72,18,1.57,4.8,44,-2.7,-4.65,-15.68,-3.5,-14.01,-24.79,-0.97,-1.41,2.27,-0.43,-8.97,-15.68,-17.84,-18.49,-27.35
2025-08-04,002920,유성기업,KOSPI,기타,2420.0,2475.0,17.5,6.5,41,15,2.06,2.1,54,-2.27,-14.46,-19.42,-4.9,-15.86,-22.09,0.0,-0.21,-11.16,-13.43,-13.22,-14.67,-15.08,-18.02,-7.85
2025-08-05,002920,유성기업,KOSPI,기타,2420.0,2475.0,17.5,6.5,41,16,1.96,0.8,48,-5.99,-13.43,-19.63,-6.33,-13.02,-17.96,-0.41,-0.83,-12.6,-12.81,-13.22,-14.46,-15.5,-16.53,-8.68
2023-10-04,000100,유한양행,KOSPI,기타,79000.0,79900.0,16.9,8.4,54,14,1.57,45.3,75,0.63,-24.68,-14.18,0.52,-24.92,-21.91,-5.82,-3.42,-22.28,-28.86,-20.76,-22.41,-18.73,-23.8,-21.65
2023-10-11,000100,유한양행,KOSPI,기타,79500.0,79900.0,16.9,8.4,54,18,3.11,48.3,96,-22.64,-20.0,-18.99,-22.96,-23.47,-25.44,0.0,-5.03,-27.55,-27.3,-22.26,-19.25,-17.48,-24.15,-17.23
2023-10-12,000100,유한양행,KOSPI,기타,79500.0,79900.0,16.9,8.4,54,19,2.0,47.2,86,-22.77,-22.14,-18.87,-21.71,-25.76,-25.35,-4.28,-6.29,-29.31,-25.16,-21.51,-17.61,-17.86,-23.9,-19.12
2023-11-16,185750,종근당,KOSPI,기타,127600.0,129500.0,16.9,9.8,36,8,1.66,52.4,75,-1.65,-0.47,-12.23,-2.27,-2.9,-17.3,-8.78,-5.56,-2.98,0.63,0.86,-12.46,-10.5,-13.09,-13.64
2023-10-05,003690,코리안리,KOSPI,기타,8530.0,8750.0,19.3,6.6,87,7,1.43,23.5,67,1.64,1.17,-17.7,2.25,0.28,-24.16,3.4,1.17,5.51,2.46,6.45,-9.61,-16.76,-16.06,-5.86
2023-11-17,003690,코리안리,KOSPI,기타,9080.0,9100.0,19.3,5.6,87,5,1.67,21.0,67,-13.11,-21.81,-11.56,-14.01,-23.96,-18.86,-14.76,-14.43,-15.09,-17.07,-22.69,-22.91,-16.52,-11.34,-8.26
2024-05-21,214420,토니모리,KOSPI,기타,9780.0,9940.0,37.8,10.8,77,7,1.47,102.0,73,-3.27,40.49,-11.35,-3.12,41.29,-9.53,3.37,0.2,20.25,32.92,12.78,2.56,-2.45,-11.25,-0.31
2024-06-10,017810,풀무원,KOSPI,기타,15670.0,15930.0,15.1,9.9,35,11,1.59,58.1,75,12.32,-4.59,-28.46,11.5,-5.44,-28.01,-0.83,7.53,-6.83,-2.62,-8.3,-23.93,-21.63,-29.42,-32.04
2024-06-11,017810,풀무원,KOSPI,기타,15540.0,15930.0,15.1,9.9,35,12,1.61,58.1,75,8.75,-3.99,-31.47,7.23,-4.81,-29.58,7.14,13.32,-5.34,-3.54,-7.21,-21.81,-21.3,-29.21,-33.4
2024-04-18,103140,풍산,KOSPI,기타,60400.0,61600.0,26.7,5.0,66,5,1.98,75.5,84,-0.17,18.21,8.61,-2.52,9.88,-1.13,0.66,-0.99,24.01,25.0,-0.5,-2.81,4.8,-13.91,5.13
2024-02-16,009540,HD한국조선해양,KOSPI,기타,119900.0,123000.0,30.2,7.1,71,8,1.45,20.7,71,-4.09,4.59,12.18,-3.73,0.76,26.79,-0.33,-0.92,-10.09,-4.84,-0.17,-6.84,9.67,12.34,33.36
2025-03-05,017960,한국카본,KOSPI,기타,16250.0,16310.0,29.5,6.5,73,6,1.4,55.3,79,-3.69,-6.15,34.77,-5.74,-7.71,24.74,-2.65,-3.08,-2.34,-12.37,15.75,19.94,28.62,52.0,55.69
2025-06-12,017960,한국카본,KOSPI,기타,22400.0,22450.0,29.5,7.3,73,5,1.56,67.1,79,12.5,3.57,47.99,12.62,-4.44,42.53,3.79,13.17,16.74,8.04,20.54,44.87,34.15,43.3,65.85
2026-02-05,161390,한국타이어앤테크놀로지,KOSPI,기타,66600.0,67200.0,19.5,7.6,45,10,1.56,22.9,67,10.36,-11.41,,1.18,-11.39,,0.9,10.66,12.76,-12.61,,,,,
2026-02-06,161390,한국타이어앤테크놀로지,KOSPI,기타,67200.0,67200.0,19.5,7.6,45,11,1.59,22.4,67,7.29,-14.29,,-2.74,-14.32,,3.87,8.18,10.57,-8.18,,,,,
2026-02-10,004960,한신공영,KOSPI,기타,12700.0,13000.0,16.9,10.0,86,5,3.02,41.0,96,17.72,0.39,,10.49,6.22,,0.0,4.02,11.81,-4.17,,,,,
2026-02-11,004960,한신공영,KOSPI,기타,12700.0,13000.0,16.9,10.0,86,6,2.29,35.2,86,12.13,1.57,,8.62,9.47,,6.93,3.15,4.65,0.08,,,,,
2024-06-21,130660,한전산업,KOSPI,기타,13070.0,13400.0,20.4,11.2,155,6,1.65,84.5,76,-3.06,24.33,24.64,-3.14,24.19,28.23,-2.22,-4.74,-17.44,10.02,10.94,2.6,-0.15,0.84,-2.07
2025-06-04,18064K,한진칼우,KOSPI,기타,49450.0,50500.0,22.1,6.3,127,5,2.1,97.6,90,-12.74,-20.42,-23.26,-16.11,-27.28,-30.09,-4.95,-14.46,-25.68,-25.58,-20.22,-29.63,-20.83,-26.09,-35.89
2025-02-06,267270,HD건설기계,KOSPI,기타,70900.0,72700.0,32.0,12.2,35,8,1.56,45.1,74,16.78,10.58,-1.69,15.1,8.23,-6.89,2.82,3.81,2.96,5.22,-0.85,-13.96,-9.17,-3.53,7.05
2026-01-23,000725,현대건설우,KOSPI,기타,66400.0,67900.0,29.4,6.2,73,5,2.95,4.9,63,-4.82,12.8,,-9.24,-8.11,,-1.51,-2.11,-1.96,-0.3,9.64,,,,
2025-07-11,004020,현대제철,KOSPI,기타,35000.0,35550.0,30.2,7.0,43,7,2.33,20.3,82,-0.57,-5.29,-6.0,-0.9,-4.14,-1.33,0.43,-0.43,7.43,-2.29,-7.29,1.29,4.43,-7.43,-16.86
2025-07-14,004020,현대제철,KOSPI,기타,35150.0,35550.0,30.2,7.0,43,8,1.87,15.4,76,4.27,-4.84,-7.54,7.32,0.32,0.72,0.14,0.0,4.98,-7.54,-6.83,2.42,2.84,-9.39,-16.64
2025-07-15,004020,현대제철,KOSPI,기타,35200.0,35550.0,30.2,7.0,43,9,1.53,15.6,71,3.84,-4.4,-6.53,7.0,1.22,0.07,-0.99,-1.14,6.53,-7.24,-8.24,4.97,3.12,-11.51,-14.06
2025-07-16,004020,현대제철,KOSPI,기타,34850.0,35550.0,30.2,7.0,43,10,1.42,14.9,63,7.46,-3.87,-3.59,10.41,1.59,1.81,0.86,5.16,2.73,-3.59,-8.32,6.17,3.16,-11.05,-13.2
2025-10-16,267250,HD현대,KOSPI,기타,160000.0,164400.0,22.8,6.8,43,6,1.47,62.6,79,9.69,41.25,43.44,8.42,36.65,39.6,1.88,8.13,31.25,35.31,25.94,26.88,17.81,45.94,82.81
2026-02-03,298050,HS효성첨단소재,KOSPI,기타,261000.0,266500.0,23.2,13.3,66,5,3.04,7.5,71,-0.57,-24.18,,-5.35,-19.46,,-0.38,-5.75,-2.49,-3.83,,,,,
2026-02-04,298050,HS효성첨단소재,KOSPI,기타,260000.0,266500.0,23.2,13.3,66,6,2.34,4.1,52,0.19,-20.38,,-6.39,-16.04,,-3.27,-0.96,-2.5,-11.54,,,,,
2026-01-28,298020,효성티앤씨,KOSPI,기타,386500.0,388500.0,27.1,7.2,85,5,2.65,48.6,95,1.42,0.39,,-5.18,-10.38,,2.2,-4.53,3.49,-0.52,-9.96,,,,
2025-02-20,035900,JYP Ent.,KOSDAQ,우량기업부,82500.0,83700.0,37.9,5.6,87,7,1.52,25.3,75,3.15,-25.7,-8.61,3.47,-16.73,-1.89,-0.24,1.94,-2.3,-15.39,-23.27,-23.27,-16.12,-7.88,-13.45
2025-02-21,035900,JYP Ent.,KOSDAQ,우량기업부,82300.0,83700.0,37.9,5.6,87,8,1.62,28.5,75,2.43,-24.67,-8.87,5.69,-14.33,-0.7,-1.09,2.19,-11.18,-15.31,-27.46,-24.06,-15.07,-7.53,-13.61
2025-02-24,035900,JYP Ent.,KOSDAQ,우량기업부,81400.0,83700.0,37.9,5.6,87,9,1.61,25.9,75,1.84,-22.85,-7.37,4.86,-13.11,-0.57,3.32,4.55,-13.64,-22.6,-26.41,-22.85,-14.62,-7.49,-12.29
2025-07-09,122450,KX,KOSDAQ,중견기업부,4915.0,5000.0,26.1,7.5,81,5,1.49,16.0,71,-5.39,-15.16,-20.65,-9.14,-14.92,-26.41,-1.73,-3.15,-8.44,-13.53,-18.01,-19.23,-15.56,-22.38,-20.55
2025-11-21,114450,그린생명과학,KOSDAQ,중견기업부,3885.0,3995.0,42.4,6.8,91,5,1.98,69.1,77,-7.46,-19.18,-25.35,-15.96,-26.41,-63.88,4.12,-7.08,-13.13,-17.25,-19.69,-24.45,-24.45,-27.03,
2025-06-26,066620,국보디자인,KOSDAQ,우량기업부,19600.0,20100.0,15.4,7.1,54,13,1.58,1.3,43,0.56,12.24,13.78,2.08,14.94,6.95,-2.65,0.0,18.37,17.86,13.27,2.55,10.97,3.32,4.85
2024-11-05,006050,국영지앤엠,KOSDAQ,중견기업부,2105.0,2160.0,24.1,5.3,140,5,1.58,91.1,79,-16.1,-9.5,-13.3,-7.99,-10.49,-20.67,0.0,-0.48,-5.27,-12.87,2.14,-21.28,-18.19,-23.04,-19.62
2025-03-31,311390,네오크레마,KOSDAQ,벤처기업부,7430.0,7630.0,31.7,5.5,48,5,1.71,36.8,84,-0.94,8.08,-27.99,1.68,1.33,-53.1,-6.46,-5.38,9.69,8.88,-13.86,-9.69,-19.65,-27.05,-18.44
2025-04-09,311390,네오크레마,KOSDAQ,벤처기업부,7590.0,7630.0,33.6,8.9,41,12,1.47,47.5,79,12.65,-11.46,-27.54,5.36,-26.83,-58.74,0.92,7.38,5.01,6.59,-11.33,-14.49,-26.75,-26.22,-10.8
2024-06-03,108380,대양전기공업,KOSDAQ,우량기업부,16310.0,16560.0,21.9,7.4,50,15,1.7,35.2,84,1.1,-16.62,-23.67,2.93,-5.4,-2.86,-5.58,-1.96,-15.08,-13.92,-19.68,-16.86,-19.31,-24.28,-25.02
2024-06-27,086450,동국제약,KOSDAQ,우량기업부,19130.0,19470.0,15.9,9.7,36,17,1.42,35.1,75,-7.42,-5.44,-11.29,-1.89,3.7,3.68,-2.56,1.41,-1.99,1.25,-10.87,-9.15,-12.91,-4.97,-10.35
2024-07-01,086450,동국제약,KOSDAQ,우량기업부,19390.0,19470.0,15.9,9.7,36,19,1.77,34.8,80,-4.28,-6.5,-12.38,0.5,2.86,0.2,0.05,-8.66,-0.67,-6.76,-10.68,-10.26,-15.83,-8.77,-11.24
2024-07-02,086450,동국제약,KOSDAQ,우량기업부,19400.0,19470.0,15.9,9.7,36,20,2.13,37.6,86,-5.52,-6.8,-12.63,-5.54,0.6,-0.74,-6.7,-6.39,-2.11,-5.57,-12.58,-8.25,-15.77,-9.54,-15.1
2025-05-21,099410,동방선기,KOSDAQ,벤처기업부,3660.0,3770.0,17.0,12.3,72,11,1.87,25.1,76,1.23,-2.73,-3.55,-0.5,-17.37,-18.87,0.27,6.83,1.09,-0.96,-12.57,-9.97,-5.74,37.43,36.48
2025-05-22,099410,동방선기,KOSDAQ,벤처기업부,3670.0,3770.0,17.0,12.3,72,12,2.06,24.4,73,1.63,-5.59,-6.27,-1.96,-20.21,-22.71,-0.95,6.13,-2.04,2.18,-11.99,-9.54,-4.9,56.68,38.96
2024-03-22,025950,동신건설,KOSDAQ,우량기업부,27150.0,27350.0,28.2,11.0,42,5,2.26,88.6,87,-0.74,-24.68,-21.73,-5.12,-22.75,-15.96,13.63,6.81,-9.39,-27.48,-26.34,-18.6,-13.26,-18.97,-26.52
2026-01-23,079960,동양이엔피,KOSDAQ,우량기업부,29000.0,29300.0,23.3,5.1,68,5,1.78,20.8,76,8.28,16.72,,-8.43,-9.84,,3.45,0.52,6.21,15.86,10.34,,,,
2024-01-12,005290,동진쎄미켐,KOSDAQ,우량기업부,41800.0,42100.0,29.3,5.8,60,7,1.68,22.3,71,0.48,-4.31,14.71,4.23,-1.39,14.34,-1.91,-4.55,-0.24,-4.9,-15.79,-4.9,6.58,8.13,6.1
2024-01-15,005290,동진쎄미켐,KOSDAQ,우량기업부,41000.0,42100.0,29.3,5.8,60,8,1.79,22.5,76,2.93,-1.71,14.51,1.62,-2.37,11.37,-0.85,-0.73,-0.98,-6.46,-10.24,-5.61,13.66,13.05,4.88
2025-08-26,109740,디에스케이,KOSDAQ,벤처기업부,8290.0,8540.0,29.0,14.9,68,14,2.46,50.1,84,-2.05,-8.44,-10.37,0.64,-18.43,-13.78,1.45,-0.97,2.41,5.55,-4.58,-7.6,3.14,-19.06,-13.63
2025-08-27,109740,디에스케이,KOSDAQ,벤처기업부,8410.0,8540.0,29.0,14.9,68,15,3.28,49.9,95,-2.02,-9.63,-10.82,0.29,-17.99,-15.62,-2.38,-3.8,5.23,2.73,-5.83,-7.25,3.09,-17.48,-9.51
2026-03-03,290550,디케이티,KOSDAQ,우량기업부,12150.0,12480.0,26.8,9.5,70,5,3.43,29.0,100,44.03,,,45.25,,,-15.8,20.82,48.15,,,,,,
2026-03-03,036170,에이치엠넥스,KOSDAQ,중견기업부,2745.0,2795.0,19.8,9.3,108,5,2.34,165.2,86,60.29,,,61.51,,,2.37,20.22,97.09,,,,,,
2025-10-20,050120,ES큐브,KOSDAQ,중견기업부,2975.0,3040.0,20.6,9.5,65,14,7.31,11.9,84,-6.22,1.01,-3.7,-8.71,0.73,-8.29,-6.89,-3.7,0.67,1.01,1.34,0.5,-1.18,-9.75,-19.83
2025-10-28,050120,ES큐브,KOSDAQ,중견기업부,3000.0,3040.0,20.6,9.5,65,20,4.28,13.1,84,-2.17,-2.17,-6.83,-2.17,0.41,-10.14,-3.67,-5.0,-1.0,-5.33,1.33,-2.83,-4.67,-8.5,-17.33
2025-11-28,050120,ES큐브,KOSDAQ,중견기업부,3075.0,3170.0,28.9,12.9,44,12,10.54,19.2,87,0.81,-6.99,-18.54,0.37,-7.67,-41.95,-1.95,0.81,-1.63,2.76,-2.28,-9.11,-9.43,,
2025-12-02,050120,ES큐브,KOSDAQ,중견기업부,3115.0,3170.0,28.9,12.9,44,14,2.72,22.9,82,-2.41,-8.51,-16.53,-1.91,-13.93,-39.81,-0.48,-0.48,1.28,-6.42,-9.79,-12.52,-11.88,,
2025-09-02,108490,로보티즈,KOSDAQ,기술성장기업부,102900.0,103300.0,30.6,14.9,47,6,3.11,230.8,95,-6.12,56.17,142.95,-9.81,49.88,131.62,-4.08,-4.08,-1.07,57.05,81.44,161.42,98.25,171.14,150.24
2025-09-30,108490,로보티즈,KOSDAQ,기술성장기업부,160700.0,161600.0,30.6,9.7,47,6,1.7,411.7,84,15.31,67.39,67.7,15.42,64.77,57.27,2.05,19.04,16.18,19.1,26.94,55.57,81.39,54.64,68.95
2024-07-12,305090,마이크로디지탈,KOSDAQ,기술성장기업부,10250.0,10520.0,40.8,8.6,113,5,1.8,57.5,77,4.49,28.29,44.68,7.31,36.81,57.59,9.27,6.24,11.71,10.54,22.24,27.22,51.02,19.02,25.56
2024-11-27,333430,일승,KOSDAQ,중견기업부,4390.0,4490.0,20.5,13.5,101,12,4.63,60.5,95,-11.16,0.68,-2.39,-10.28,-1.2,-13.25,-3.3,-6.38,-13.33,-6.49,10.02,5.58,4.1,2.16,0.8
2026-02-13,214180,헥토이노베이션,KOSDAQ,우량기업부,24600.0,24800.0,18.2,10.5,48,5,3.74,31.9,94,-15.65,-15.04,,-20.1,-24.57,,-4.88,-8.33,-13.41,-14.63,,,,,
2025-05-26,208710,포톤,KOSDAQ,중견기업부,2535.0,2575.0,37.3,6.4,73,5,2.38,355.2,86,-3.75,-6.71,-19.92,-5.9,-23.32,-33.02,-0.99,2.56,-6.71,-10.06,-9.47,-12.43,-16.77,-16.17,18.34
2025-03-10,086820,바이오솔루션,KOSDAQ,기술성장기업부,30800.0,31200.0,33.4,9.9,52,6,2.36,99.9,90,-14.45,-27.76,-62.95,-13.91,-16.47,-73.17,-3.25,-13.31,-24.68,-17.05,-12.99,-12.99,7.14,-73.31,-71.98
2024-05-22,226340,본느,KOSDAQ,벤처기업부,4005.0,4025.0,23.1,10.6,74,7,2.02,79.7,87,7.12,-1.62,-43.45,6.9,2.14,-24.6,0.0,9.61,3.37,11.36,-18.48,-22.22,-26.84,-55.81,-54.66
2024-05-23,226340,본느,KOSDAQ,벤처기업부,4005.0,4025.0,23.1,10.6,74,8,2.1,82.4,87,7.74,-0.37,-44.19,9.19,5.58,-24.62,5.37,6.49,6.49,13.48,-20.47,-22.72,-33.71,-54.26,-54.08
2024-05-20,042370,비츠로테크,KOSDAQ,우량기업부,11370.0,11490.0,40.4,6.2,48,5,3.52,37.3,92,-7.04,-22.25,-34.3,-9.52,-19.88,-14.8,-9.67,-11.52,-17.41,-21.64,-21.99,-22.43,-29.9,-39.84,-35.62
2026-02-11,178320,서진시스템,KOSDAQ,벤처기업부,37350.0,38200.0,22.9,11.6,65,10,1.65,21.3,68,-4.82,22.22,,-7.95,18.43,,-1.34,6.96,14.59,20.48,,,,,
2026-02-26,178320,서진시스템,KOSDAQ,벤처기업부,39100.0,39950.0,22.9,11.0,65,6,1.58,22.6,68,19.31,,,20.66,,,21.61,-4.35,17.39,,,,,,
2024-06-24,081580,성우전자,KOSDAQ,중견기업부,3470.0,3570.0,19.7,5.9,40,5,1.92,57.1,80,7.78,-4.32,12.39,11.41,6.61,32.31,-0.58,7.2,14.55,10.95,-16.43,12.54,9.08,35.16,29.39
2025-11-25,036630,세종텔레콤,KOSDAQ,중견기업부,10050.0,10330.0,32.2,13.8,37,6,2.18,904.7,84,15.32,12.44,-18.51,10.55,6.3,-52.72,0.3,4.58,23.08,33.53,-8.86,-9.55,-12.94,-19.7,
2025-11-26,036630,세종텔레콤,KOSDAQ,중견기업부,10080.0,10330.0,32.2,13.8,37,7,2.4,918.1,84,10.12,6.75,-20.14,5.42,2.85,-54.64,6.94,4.56,21.23,44.25,-10.32,-12.0,-14.58,,
2025-02-07,084180,수성웹툰,KOSDAQ,중견기업부,5890.0,6070.0,23.7,8.9,43,20,1.7,903.0,84,-4.75,-6.62,-9.34,-8.38,-4.99,-6.93,-1.53,0.0,-5.6,-10.02,-14.43,-17.23,-2.38,-13.07,-11.54
2024-01-02,323280,태성,KOSDAQ,중견기업부,4230.0,4350.0,37.5,11.8,67,12,1.5,71.4,73,3.07,5.2,1.18,3.16,10.82,-1.16,3.55,2.6,-2.96,23.17,4.85,2.01,-1.42,-21.63,35.22
2024-03-20,160980,싸이맥스,KOSDAQ,우량기업부,20400.0,20850.0,18.9,7.4,102,7,1.45,40.0,75,-6.52,-0.49,8.09,-10.61,-1.57,11.9,-1.96,-5.34,-6.23,-8.68,3.68,6.37,6.37,-9.85,-23.04
2024-03-29,160980,싸이맥스,KOSDAQ,우량기업부,20450.0,20850.0,18.9,8.6,102,14,1.48,35.8,75,-9.29,6.11,-4.5,-8.39,8.56,9.62,1.47,-6.45,-11.49,-9.1,6.11,6.11,5.13,-18.24,-37.9
2024-04-01,160980,싸이맥스,KOSDAQ,우량기업부,20750.0,20850.0,18.9,8.6,102,15,1.6,36.8,75,-12.82,2.17,-8.19,-9.42,6.94,6.25,-5.4,-5.3,-17.73,-12.53,0.24,3.61,0.96,-22.46,-38.22
2026-02-19,222080,씨아이에스,KOSDAQ,우량기업부,13470.0,13750.0,18.6,11.6,36,5,1.52,41.4,73,2.52,,,1.7,,,2.67,11.8,12.1,0.37,,,,,
2024-01-23,013990,아가방컴퍼니,KOSDAQ,우량기업부,6530.0,6700.0,29.1,12.4,79,10,3.02,83.5,95,-18.22,-5.67,-30.09,-16.2,-6.03,-29.9,-5.51,-10.57,-21.13,-10.57,-12.25,-18.68,-26.72,-19.91,-17.15
2024-07-29,175250,아이큐어,KOSDAQ,관리종목(소속부없음),3120.0,3140.0,43.7,10.4,78,6,1.48,64.0,69,-15.38,-27.4,-24.36,-3.01,-23.51,-15.25,-5.13,0.96,-12.98,-15.54,-35.74,-33.81,-31.09,-36.54,-39.94
2025-06-30,205500,넥써쓰,KOSDAQ,중견기업부,4455.0,4585.0,49.3,14.3,47,5,7.26,122.6,88,-28.96,-12.46,-26.71,-26.97,-10.56,-37.12,-0.34,-8.98,-23.91,-10.21,-20.99,-29.74,-29.18,-41.08,-48.15
2025-12-30,290740,액트로,KOSDAQ,벤처기업부,16160.0,16200.0,19.7,12.9,152,6,1.58,187.2,70,7.8,32.74,,9.19,19.58,,5.45,-7.18,37.69,16.65,83.79,62.13,38.0,,
2025-05-30,097780,에코볼트,KOSDAQ,중견기업부,1220.0,1246.0,35.6,5.1,86,5,7.14,31.7,96,-9.1,-7.38,-28.93,-19.36,-19.04,-40.09,5.9,-4.92,0.08,0.98,-14.84,-18.03,-22.38,-21.31,-3.52
2023-10-10,060540,에스에이티,KOSDAQ,중견기업부,2815.0,2845.0,22.3,6.0,53,5,1.43,32.0,79,-7.99,-6.93,-10.48,-12.24,-12.33,-21.28,2.13,-1.07,-12.08,-13.68,-2.31,-6.93,0.18,-7.28,-7.82
2025-12-12,317830,에스피시스템스,KOSDAQ,벤처기업부,13320.0,13600.0,37.8,8.0,119,5,3.01,58.3,96,-6.68,10.81,-22.3,-4.7,11.55,-49.76,-3.0,-13.74,9.53,-5.48,8.03,-6.01,-15.54,,
2024-03-29,200470,에이팩트,KOSDAQ,중견기업부,5860.0,5910.0,45.2,13.4,99,11,2.62,72.8,82,-4.44,1.88,7.34,-3.54,4.33,21.46,1.71,7.17,-11.77,-3.24,-5.29,-5.12,3.92,-13.82,-33.36
2025-09-25,089970,브이엠,KOSDAQ,우량기업부,17730.0,18100.0,17.5,5.7,78,5,4.5,53.3,96,12.63,43.54,64.69,14.11,43.93,63.15,-4.85,-1.3,24.37,28.6,46.08,34.52,64.69,49.46,79.36
2026-01-20,128540,에코캡,KOSDAQ,우량기업부,2765.0,2845.0,20.1,5.6,63,5,27.73,55.7,100,-14.47,-18.08,,-21.85,-46.25,,-4.7,-12.84,-12.3,-13.2,-30.78,,,,
2024-03-08,064090,인크레더블버즈,KOSDAQ,중견기업부,2850.0,2860.0,27.5,12.4,46,9,1.67,48.8,74,-1.05,23.16,3.16,-2.56,20.01,7.13,-2.81,-2.11,13.68,26.67,-1.75,8.77,3.33,115.09,110.53
2024-05-07,036810,에프에스티,KOSDAQ,우량기업부,33200.0,33700.0,39.5,7.6,66,5,1.7,49.8,80,-6.33,7.83,-4.67,-3.08,13.82,15.16,-2.11,-8.43,-3.16,3.16,5.42,13.55,-5.12,-17.32,-29.07
2024-04-04,083500,에프엔에스테크,KOSDAQ,우량기업부,13470.0,13760.0,19.6,13.3,69,20,1.91,27.3,76,-5.2,-14.25,15.07,-3.28,-13.8,33.7,-1.41,-4.38,-16.63,-17.0,-11.14,-3.12,7.5,-5.79,-18.93
2026-02-09,083500,에프엔에스테크,KOSDAQ,우량기업부,17000.0,17230.0,22.4,9.2,37,5,1.42,7.2,55,-1.59,-15.59,,-5.52,-15.32,,-2.71,-6.12,3.71,-9.12,,,,,
2026-02-09,092870,엑시콘,KOSDAQ,우량기업부,28300.0,28350.0,24.5,5.6,51,5,1.58,91.5,79,5.48,5.12,,1.55,5.39,,-0.88,-0.88,17.49,9.01,,,,,
2024-04-09,317870,엔바이오니아,KOSDAQ,기술성장기업부,20600.0,21200.0,28.9,5.2,44,5,1.82,45.4,84,-4.51,-8.3,-17.18,-3.27,-9.63,-4.51,-0.97,-3.01,-2.91,-6.21,-15.92,-15.15,-15.39,-23.79,-14.08
2025-11-24,156100,엘앤케이바이오,KOSDAQ,벤처기업부,10230.0,10520.0,23.2,10.6,99,7,2.85,37.6,92,7.53,40.57,15.74,0.24,31.98,-22.58,6.06,5.96,46.24,48.19,31.18,30.99,43.11,-8.6,
2026-01-22,138080,오이솔루션,KOSDAQ,벤처기업부,15840.0,16290.0,16.6,11.4,56,14,1.44,32.7,73,6.88,22.41,,-7.27,-5.4,,1.89,-0.69,2.9,4.86,93.5,,,,
2026-01-23,138080,오이솔루션,KOSDAQ,벤처기업부,16140.0,16290.0,16.6,11.4,56,15,1.46,35.9,73,3.53,18.65,,-13.18,-7.91,,1.24,1.92,-0.62,4.89,98.57,,,,
2024-06-10,032820,우리기술,KOSDAQ,벤처기업부,2605.0,2650.0,16.7,13.2,68,9,1.42,97.1,70,-14.4,-10.17,-12.28,-14.76,1.29,8.57,-11.52,-10.56,-16.51,-19.77,-3.84,-24.45,-20.54,-13.05,-11.52
2024-02-27,041190,우리기술투자,KOSDAQ,벤처기업부,8620.0,8630.0,28.8,9.5,53,7,1.66,95.0,79,21.69,5.57,0.46,18.45,-3.85,-4.99,2.78,15.55,15.55,-3.36,-1.51,0.93,-6.73,-5.57,-12.41
2024-08-06,082850,우리바이오,KOSDAQ,벤처기업부,5110.0,5180.0,29.0,14.1,59,6,2.43,119.5,84,14.48,-23.19,-42.66,7.44,-21.66,-41.04,0.2,7.63,-7.44,-12.33,-3.13,-15.26,-31.51,-39.53,-45.6
2024-08-07,082850,우리바이오,KOSDAQ,벤처기업부,5120.0,5180.0,29.0,14.1,59,7,2.51,120.6,90,10.16,-23.14,-41.6,4.99,-19.74,-37.2,3.12,11.72,-13.67,-14.84,-6.45,-20.12,-33.4,-39.45,-48.83
2024-02-16,065680,우주일렉트로,KOSDAQ,우량기업부,16620.0,16980.0,32.2,8.7,76,18,1.41,23.4,71,-1.26,-3.49,16.43,-1.24,-9.17,15.85,-2.71,-3.37,-1.56,-2.05,23.95,8.78,21.54,-5.23,-9.21
2025-08-21,240810,원익IPS,KOSDAQ,우량기업부,41400.0,42550.0,25.6,5.5,137,5,1.56,50.9,79,-1.57,9.18,47.1,-0.87,2.63,43.56,-1.09,-0.85,-7.13,3.99,36.96,41.3,73.19,48.79,94.2
2025-04-14,048430,유라테크,KOSDAQ,우량기업부,17000.0,17200.0,21.8,8.7,112,5,2.29,128.0,90,-18.76,-32.65,-47.76,-20.74,-41.79,-74.24,-2.06,-28.0,-38.12,-33.65,-42.47,-46.24,-48.18,-50.76,-49.94
2024-12-04,039020,이건홀딩스,KOSDAQ,중견기업부,3680.0,3695.0,30.7,8.0,89,14,2.27,48.5,90,13.18,14.67,-2.72,13.35,9.29,-9.61,4.89,17.26,13.99,10.33,-6.11,1.36,2.17,-18.48,14.67
2026-01-19,073490,이노와이어리스,KOSDAQ,우량기업부,24250.0,24850.0,18.3,6.8,48,11,1.5,4.8,43,18.56,47.01,,11.86,16.96,,6.39,12.78,21.24,42.47,41.65,,,,
2024-01-15,047560,이스트소프트,KOSDAQ,중견기업부,25550.0,25750.0,34.6,11.8,35,5,4.25,120.4,98,53.03,32.29,-2.54,51.72,31.63,-5.68,0.2,17.81,61.64,20.35,10.37,21.72,9.78,-1.57,-11.55
2024-01-16,047560,이스트소프트,KOSDAQ,중견기업부,25600.0,25750.0,34.6,11.8,35,6,2.18,124.8,87,52.73,31.64,-5.27,49.38,27.98,-10.78,-0.2,52.73,73.63,17.58,12.5,11.72,5.47,2.73,-16.8
2024-01-17,047560,이스트소프트,KOSDAQ,중견기업부,25550.0,25750.0,34.6,11.8,35,7,1.94,128.1,82,59.69,32.88,-5.87,53.83,28.31,-9.6,17.81,53.03,28.77,20.55,12.52,12.13,7.63,9.59,-17.03
2026-03-03,115310,인포바인,KOSDAQ,벤처기업부,88900.0,91100.0,28.1,11.7,92,6,2.48,26.9,87,-17.66,,,-16.44,,,-14.62,-11.7,-14.4,,,,,,
2026-02-04,079370,제우스,KOSDAQ,우량기업부,19950.0,20450.0,18.9,9.6,68,6,2.01,12.3,70,-9.37,-11.83,,-15.52,-16.34,,-6.47,-5.76,-14.04,-13.33,,,,,
2023-11-03,094970,제이엠티,KOSDAQ,벤처기업부,4440.0,4505.0,28.3,8.4,76,8,1.43,36.7,79,3.83,-14.41,0.23,-0.66,-21.62,-0.23,-2.59,-2.48,-13.74,-13.63,-13.29,-0.9,1.91,22.52,51.35
2025-12-03,067000,조이시티,KOSDAQ,중견기업부,2330.0,2395.0,40.2,7.5,89,5,4.23,22.3,84,-8.15,-10.52,5.79,-5.94,-12.4,-20.94,-0.43,-5.15,-11.37,-12.66,-5.58,16.74,22.1,,
2026-02-05,067000,조이시티,KOSDAQ,중견기업부,2900.0,2970.0,40.2,8.4,89,5,3.0,32.9,92,3.62,1.55,,-4.59,-2.17,,7.41,0.34,-0.34,-25.0,,,,,
2026-03-17,000440,중앙에너비스,KOSDAQ,중견기업부,32450.0,32800.0,41.6,11.9,52,10,3.54,83.8,90,,,,,,,-11.56,,,,,,,,
2025-09-19,214370,케어젠,KOSDAQ,벤처기업부,68000.0,68800.0,31.2,6.4,59,5,1.53,151.7,79,-11.91,-12.65,-0.29,-8.72,-9.42,0.83,0.88,-9.26,-7.35,-12.21,-4.71,15.0,7.21,7.94,85.29
2025-06-20,192250,케이사인,KOSDAQ,벤처기업부,12840.0,13110.0,20.0,5.1,46,6,1.57,443.1,79,-8.18,-14.1,-7.32,-7.11,-15.59,-11.01,7.09,-1.32,-15.42,-10.36,-13.4,-15.73,-13.32,-5.14,-12.07
2024-02-07,073010,케이에스피,KOSDAQ,우량기업부,3460.0,3560.0,20.7,12.1,63,10,1.7,49.5,79,-1.73,4.05,18.5,-3.19,-0.37,12.73,-2.02,2.75,-5.2,1.3,10.69,8.82,12.72,16.91,33.38
2026-02-10,041960,코미팜,KOSDAQ,벤처기업부,8350.0,8450.0,15.6,11.2,39,5,3.27,15.2,86,1.68,-0.84,,-2.33,-6.36,,-0.84,14.37,7.66,-5.27,,,,,
2025-12-09,060280,큐렉소,KOSDAQ,중견기업부,13800.0,14020.0,30.8,7.1,35,5,1.89,46.6,84,-7.03,-9.2,9.42,-4.38,-9.1,-12.4,3.41,-1.38,-0.51,-1.45,31.52,32.61,27.03,,
2025-02-27,023160,태광,KOSDAQ,우량기업부,23450.0,23750.0,27.6,13.5,59,18,1.7,61.6,79,4.48,-15.74,-20.26,8.3,-3.77,-15.46,1.49,7.68,2.77,-3.62,-4.05,-7.46,-20.38,-9.59,-17.74
2024-03-26,191420,테고사이언스,KOSDAQ,벤처기업부,22200.0,22550.0,39.8,5.5,98,5,1.71,80.3,80,1.13,2.93,-25.45,1.74,6.89,-15.63,-2.03,0.68,9.01,-1.35,-1.13,-13.87,-26.04,-9.46,-28.11
2025-08-14,131970,두산테스나,KOSDAQ,우량기업부,36400.0,36650.0,41.7,5.0,70,5,2.4,8.1,58,-3.02,6.32,21.15,0.59,5.8,23.32,-3.85,-6.18,0.14,-4.67,9.89,36.95,37.91,21.7,40.38
2023-12-19,089030,테크윙,KOSDAQ,중견기업부,10640.0,10760.0,25.9,6.1,61,5,4.08,53.2,100,7.14,37.22,169.74,8.08,42.72,171.81,0.56,1.03,8.83,5.45,44.27,91.26,120.86,263.72,236.0
2024-03-27,045340,토탈소프트,KOSDAQ,벤처기업부,5880.0,6040.0,25.0,8.8,72,6,3.25,29.6,100,8.5,-11.73,-12.07,10.14,-7.34,1.85,0.85,6.8,-17.43,-16.67,-5.61,-6.29,-9.01,-14.63,-16.67
2024-03-28,045340,토탈소프트,KOSDAQ,벤처기업부,5930.0,6040.0,25.0,8.8,72,7,2.28,29.7,90,-2.19,-15.01,-11.64,-1.05,-11.64,3.21,-1.69,9.78,-15.35,-18.38,-5.56,-4.38,-9.78,-15.35,-18.63
2026-01-15,322180,LS티라유텍,KOSDAQ,벤처기업부,10080.0,10220.0,19.1,12.1,39,9,1.48,70.8,70,-6.15,-12.8,,-7.2,-38.62,,-11.61,-5.65,-6.75,-12.3,-31.65,-16.87,,,
2026-01-19,322180,LS티라유텍,KOSDAQ,벤처기업부,10050.0,10220.0,19.1,12.8,39,11,3.14,70.5,91,-7.46,-15.72,,-14.16,-45.77,,-5.37,-5.87,-5.77,-13.33,-21.79,,,,
2026-03-13,263750,펄어비스,KOSDAQ,우량기업부,65800.0,66100.0,31.3,9.1,38,5,2.46,48.8,90,,,,,,,4.1,-0.3,,,,,,,
2025-03-14,035200,프럼파스트,KOSDAQ,벤처기업부,5400.0,5560.0,25.9,7.4,54,5,4.28,65.6,100,-11.57,34.81,-32.96,-9.99,42.09,-45.56,-0.19,-5.37,-0.93,22.04,-13.7,-17.22,-28.52,-35.0,-33.89
2025-10-16,053610,프로텍,KOSDAQ,우량기업부,33050.0,33900.0,30.4,5.0,48,5,1.44,16.2,71,-1.82,2.72,12.56,-0.64,4.37,9.14,0.45,-1.06,-4.39,-6.2,-1.66,4.69,1.21,61.88,77.31
2025-10-17,053610,프로텍,KOSDAQ,우량기업부,33200.0,33900.0,30.4,5.0,48,6,1.47,17.0,71,-2.71,7.83,7.83,-4.69,9.6,2.31,0.9,-1.05,-5.72,-7.08,1.05,1.36,-0.3,60.24,61.75
2025-10-20,053610,프로텍,KOSDAQ,우량기업부,33500.0,33900.0,30.4,5.0,48,7,1.42,13.2,63,-3.58,11.64,6.72,-6.07,11.36,2.13,-2.39,-3.13,-7.31,-4.63,2.54,1.04,1.94,48.66,37.31
2024-02-20,031980,피에스케이홀딩스,KOSDAQ,우량기업부,34350.0,34850.0,39.3,6.5,43,5,1.66,128.1,75,18.63,32.46,58.08,21.9,30.78,57.56,0.44,12.52,23.58,19.65,22.71,52.55,35.66,124.16,86.32
2026-02-09,221840,하이즈항공,KOSDAQ,중견기업부,2865.0,2930.0,28.1,6.8,119,5,26.1,9.4,76,-2.97,-2.09,,-6.9,-1.82,,-2.44,-1.75,-1.05,-7.68,,,,,
2024-07-30,256840,한국비엔씨,KOSDAQ,벤처기업부,6720.0,6820.0,21.1,6.9,78,5,2.28,84.0,90,-17.71,-5.36,-28.57,-9.09,-1.69,-20.46,-2.53,-9.52,-9.82,-4.46,-20.54,-14.43,-13.99,-37.57,-39.21
2025-08-04,092460,한라IMS,KOSDAQ,우량기업부,11000.0,11100.0,21.0,6.3,37,5,1.77,26.6,84,9.0,27.36,53.18,2.22,26.55,43.22,3.18,9.09,9.0,8.45,46.18,35.82,43.64,38.36,55.73
2025-09-29,290270,휴네시온,KOSDAQ,벤처기업부,4300.0,4405.0,18.0,10.7,60,7,3.87,0.8,62,-7.33,-13.26,-12.67,-7.74,-14.88,-16.95,-0.58,-3.84,-11.05,-9.3,-14.3,-14.19,-6.28,-9.53,-11.05
2025-09-30,290270,휴네시온,KOSDAQ,벤처기업부,4275.0,4405.0,18.0,10.7,60,8,4.16,1.9,62,-9.71,-13.1,-12.16,-9.6,-15.72,-22.59,-1.75,-6.32,-10.41,-9.59,-15.79,-9.36,-7.49,-8.89,-13.22
2025-09-05,126340,비나텍,KOSDAQ,벤처기업부,46050.0,47000.0,35.2,6.8,96,6,2.37,49.2,86,14.22,7.06,69.38,11.29,1.91,61.38,3.8,10.75,15.09,-2.39,3.37,15.74,15.31,43.76,86.97
2025-10-21,330860,네패스아크,KOSDAQ,중견기업부,19790.0,19940.0,34.2,7.9,36,7,2.38,38.0,90,5.36,-5.81,-17.89,2.73,-4.88,-21.47,-2.93,8.39,3.84,0.81,-9.5,-20.82,-8.74,19.0,-8.69
2025-10-23,330860,네패스아크,KOSDAQ,중견기업부,19590.0,19940.0,34.2,7.9,36,9,2.74,40.1,95,3.62,-6.64,-17.82,1.77,-5.85,-21.86,9.49,6.43,3.11,1.33,-12.97,-20.62,-6.07,10.26,-13.22
2024-11-14,244920,에이플러스에셋,KOSPI,기타,4575.0,4645.0,18.9,5.6,54,9,2.66,31.9,91,-2.08,1.75,-10.27,-6.55,-1.72,-16.78,0.87,-0.66,2.19,-0.44,-2.84,-10.16,-11.48,-12.57,-10.71
2024-11-15,244920,에이플러스에셋,KOSPI,기타,4615.0,4645.0,18.9,5.6,54,10,2.34,33.9,86,-1.52,0.43,-11.59,-5.92,-4.22,-17.94,-1.84,-2.93,3.14,-3.36,-4.44,-10.94,-11.16,-13.33,-13.11
2024-11-18,244920,에이플러스에셋,KOSPI,기타,4530.0,4645.0,18.9,5.6,54,11,2.04,30.0,86,-0.44,0.11,-11.04,-2.6,-1.74,-14.87,0.33,-1.1,2.65,-3.42,-3.2,-8.17,-8.28,-11.7,-11.26
2024-11-19,244920,에이플러스에셋,KOSPI,기타,4545.0,4645.0,18.9,5.6,54,12,1.5,27.9,75,1.87,0.99,-9.24,0.47,-0.79,-12.49,-1.43,0.0,5.83,0.99,-3.19,-3.96,-8.58,-11.99,-10.01
2024-11-27,244920,에이플러스에셋,KOSPI,기타,4645.0,4645.0,18.9,5.6,54,18,1.48,25.0,75,1.72,-0.97,-11.41,2.44,1.09,-8.8,0.65,0.11,0.86,-2.58,-10.33,-11.73,-13.24,-14.21,-7.75
2026-02-02,368770,파이버프로,KOSDAQ,벤처기업부,18000.0,18430.0,27.5,14.3,119,9,1.65,179.9,74,-11.56,-19.72,,-23.05,-34.96,,-0.56,-16.39,-18.72,-23.11,,,,,
2026-02-03,368770,파이버프로,KOSDAQ,벤처기업부,17900.0,18430.0,27.5,14.3,119,10,1.97,170.1,79,-11.79,-19.11,,-17.16,-21.64,,-5.03,-15.98,-19.61,-23.41,,,,,
2024-06-21,086710,선진뷰티사이언스,KOSDAQ,우량기업부,21650.0,22200.0,20.5,14.3,51,6,1.45,171.3,74,-14.83,-28.68,-51.22,-9.96,-18.9,-29.55,-2.31,-4.16,-22.77,-27.34,-43.56,-45.31,-48.64,-49.38,-48.64
2025-06-24,163730,핑거,KOSDAQ,벤처기업부,14250.0,14600.0,35.2,10.3,101,12,1.62,47.9,73,-9.89,-6.95,-6.25,-8.61,-6.84,-9.49,0.56,-9.12,-9.61,-6.32,-5.4,-15.02,-14.18,-14.81,-23.51
2025-06-25,163730,핑거,KOSDAQ,벤처기업부,14330.0,14600.0,35.2,10.3,101,13,2.17,45.2,83,-13.89,-8.58,-6.77,-10.42,-5.92,-10.11,-8.65,-14.03,-5.65,-5.58,-7.82,-15.49,-12.63,-17.38,-23.03
2024-10-23,334970,프레스티지바이오로직스,KOSDAQ,기술성장기업부,7350.0,7560.0,19.4,6.3,64,5,1.9,79.9,80,-3.81,-23.81,-34.76,-2.57,-18.61,-41.1,-2.18,-2.99,-13.06,-23.67,-25.31,-30.61,-30.88,-36.05,-44.22
2024-05-09,352480,씨앤씨인터내셔널,KOSDAQ,우량기업부,84200.0,84700.0,35.5,8.0,51,6,1.88,59.6,80,-6.18,12.23,19.71,-2.67,17.73,49.92,0.83,-2.49,4.75,8.55,35.51,50.59,39.43,27.91,9.74
2025-10-01,252990,샘씨엔에스,KOSDAQ,기술성장기업부,7250.0,7420.0,26.0,11.1,36,7,2.0,36.0,87,6.9,13.66,-4.28,6.25,15.16,-11.69,2.48,7.45,-7.45,-0.14,-5.24,1.38,-6.34,19.17,64.0
2026-01-16,232680,라온로보틱스,KOSDAQ,기술성장기업부,15180.0,15580.0,24.3,13.4,99,8,1.68,85.4,74,1.91,12.45,,-0.45,-11.58,,7.38,15.28,29.58,14.62,-3.49,4.61,,,
2024-02-15,114840,아이패밀리에스씨,KOSDAQ,우량기업부,33900.0,34600.0,27.7,12.6,58,14,1.55,66.0,74,2.8,-49.29,-6.78,2.74,-52.59,-8.0,3.39,-1.33,-46.9,-46.93,-32.89,-29.79,-24.19,18.73,2.8
2024-02-16,402340,SK스퀘어,KOSPI,기타,65500.0,66200.0,17.0,5.7,63,6,1.89,43.7,80,5.8,5.34,25.65,6.16,1.51,40.26,6.26,5.8,7.18,10.99,15.27,22.14,16.79,37.1,53.44
2026-02-09,402340,SK스퀘어,KOSPI,기타,563000.0,570000.0,29.7,11.4,40,7,2.31,269.6,87,0.53,-5.15,,-8.07,-1.2,,-3.55,1.24,20.6,-1.78,,,,,
2025-05-21,37550L,DL이앤씨2우(전환),KOSPI,기타,30050.0,30500.0,15.0,5.9,68,8,1.49,34.4,75,4.49,5.82,-2.33,0.54,-9.6,-18.62,-3.83,4.33,3.0,4.99,12.81,14.81,2.0,0.0,-4.83
2024-01-09,399720,가온칩스,KOSDAQ,우량기업부,58500.0,59300.0,38.3,7.9,63,6,1.7,110.9,80,-1.71,13.16,73.16,4.99,18.57,71.64,-3.08,-2.05,29.74,13.16,88.55,68.89,74.36,57.44,35.04
2026-01-09,348340,뉴로메카,KOSDAQ,기술성장기업부,34350.0,34650.0,32.4,14.3,106,17,1.54,17.0,66,109.32,164.34,,109.84,145.59,,-2.91,58.08,254.29,167.25,148.91,115.43,,,
2025-06-25,417860,오브젠,KOSDAQ,투자주의환기종목(소속부없음),28600.0,28950.0,30.6,5.4,68,6,2.27,194.5,90,-24.83,-37.73,-52.06,-21.36,-35.07,-55.4,-21.5,-24.3,-23.43,-29.9,-42.17,-54.86,-50.45,-55.0,-51.89
2026-03-18,282720,금양그린파워,KOSDAQ,우량기업부,15940.0,15990.0,17.2,5.1,63,5,3.12,12.0,80,,,,,,,2.26,,,,,,,,
2026-01-20,172670,에이엘티,KOSDAQ,벤처기업부,13020.0,13090.0,35.8,10.1,86,13,1.79,26.8,78,5.22,11.52,,-2.16,-16.65,,9.83,4.84,17.82,11.83,-19.89,,,,
2024-11-25,092790,넥스틸,KOSPI,기타,11580.0,11810.0,34.3,9.4,55,5,1.82,57.0,84,-22.8,-28.32,-7.77,-22.0,-28.12,-10.19,0.86,-16.49,-37.91,-29.45,-34.97,-23.23,-25.39,44.47,29.36
2024-11-26,092790,넥스틸,KOSPI,기타,11680.0,11810.0,34.3,9.4,55,6,1.46,57.7,79,-21.58,-27.23,-7.19,-23.1,-26.15,-7.86,-13.44,-19.61,-35.19,-29.54,-35.87,-18.41,-25.94,38.27,29.28
2025-09-17,437730,삼현,KOSDAQ,기술성장기업부,20950.0,21450.0,24.0,8.4,80,5,2.42,64.5,90,4.53,46.54,121.0,1.37,47.51,119.52,12.65,5.01,10.5,43.2,42.0,21.24,114.32,208.35,188.31
2025-09-29,437730,삼현,KOSDAQ,기술성장기업부,22900.0,23600.0,25.4,7.2,72,8,3.66,88.3,100,21.62,39.3,141.05,21.21,37.68,136.77,4.59,-3.93,30.13,33.84,11.14,74.45,127.07,191.7,138.43
2025-09-04,347850,디앤디파마텍,KOSDAQ,기술성장기업부,155700.0,157400.0,30.3,10.9,60,5,4.0,214.2,98,3.21,28.77,-37.96,0.75,23.94,-45.68,4.17,6.55,6.04,19.97,8.99,92.04,-43.03,-39.05,-42.39
2025-05-26,443060,HD현대마린솔루션,KOSPI,기타,169300.0,173000.0,21.8,7.9,43,13,9.24,15.3,92,6.26,19.31,11.1,2.4,4.87,-1.97,3.13,6.14,17.31,20.2,15.53,8.21,21.68,29.65,32.9
2025-10-23,062040,산일전기,KOSPI,기타,136600.0,138500.0,45.5,8.3,55,6,1.83,98.9,77,16.33,1.9,7.69,15.86,-0.9,-0.16,5.93,14.64,10.25,10.4,3.37,-2.27,2.05,13.47,1.32
2026-01-26,475400,씨메스,KOSDAQ,기술성장기업부,42500.0,42950.0,32.1,12.0,68,5,1.51,34.8,76,-4.94,-11.41,,-10.14,-34.3,,-3.53,-4.59,-7.76,-14.12,-2.0,,,,
