ret_1,close_norm_1,vol_ratio_1,ret_2,close_norm_2,vol_ratio_2,ret_3,close_norm_3,vol_ratio_3,ret_4,close_norm_4,vol_ratio_4,ret_5,close_norm_5,vol_ratio_5,ret_6,close_norm_6,vol_ratio_6,ret_7,close_norm_7,vol_ratio_7,ret_8,close_norm_8,vol_ratio_8,ret_9,close_norm_9,vol_ratio_9,ret_10,close_norm_10,vol_ratio_10,ret_11,close_norm_11,vol_ratio_11,ret_12,close_norm_12,vol_ratio_12,ret_13,close_norm_13,vol_ratio_13,ret_14,close_norm_14,vol_ratio_14,ret_15,close_norm_15,vol_ratio_15,ret_16,close_norm_16,vol_ratio_16,ret_17,close_norm_17,vol_ratio_17,ret_18,close_norm_18,vol_ratio_18,ret_19,close_norm_19,vol_ratio_19,ret_20,close_norm_20,vol_ratio_20,ret_21,close_norm_21,vol_ratio_21,ret_22,close_norm_22,vol_ratio_22,ret_23,close_norm_23,vol_ratio_23,ret_24,close_norm_24,vol_ratio_24,ret_25,close_norm_25,vol_ratio_25,ret_26,close_norm_26,vol_ratio_26,ret_27,close_norm_27,vol_ratio_27,ret_28,close_norm_28,vol_ratio_28,ret_29,close_norm_29,vol_ratio_29,ret_30,close_norm_30,vol_ratio_30,ret_31,close_norm_31,vol_ratio_31,ret_32,close_norm_32,vol_ratio_32,ret_33,close_norm_33,vol_ratio_33,ret_34,close_norm_34,vol_ratio_34,ret_35,close_norm_35,vol_ratio_35,ret_36,close_norm_36,vol_ratio_36,ret_37,close_norm_37,vol_ratio_37,ret_38,close_norm_38,vol_ratio_38,ret_39,close_norm_39,vol_ratio_39,ret_40,close_norm_40,vol_ratio_40,ret_41,close_norm_41,vol_ratio_41,ret_42,close_norm_42,vol_ratio_42,ret_43,close_norm_43,vol_ratio_43,ret_44,close_norm_44,vol_ratio_44,ret_45,close_norm_45,vol_ratio_45,ret_46,close_norm_46,vol_ratio_46,ret_47,close_norm_47,vol_ratio_47,ret_48,close_norm_48,vol_ratio_48,ret_49,close_norm_49,vol_ratio_49,ret_50,close_norm_50,vol_ratio_50,ret_51,close_norm_51,vol_ratio_51,ret_52,close_norm_52,vol_ratio_52,ret_53,close_norm_53,vol_ratio_53,ret_54,close_norm_54,vol_ratio_54,ret_55,close_norm_55,vol_ratio_55,ret_56,close_norm_56,vol_ratio_56,ret_57,close_norm_57,vol_ratio_57,ret_58,close_norm_58,vol_ratio_58,ret_59,close_norm_59,vol_ratio_59,ret_60,close_norm_60,vol_ratio_60,ret_61,close_norm_61,vol_ratio_61,ret_62,close_norm_62,vol_ratio_62,ret_63,close_norm_63,vol_ratio_63,ret_64,close_norm_64,vol_ratio_64,ret_65,close_norm_65,vol_ratio_65,ret_66,close_norm_66,vol_ratio_66,ret_67,close_norm_67,vol_ratio_67,ret_68,close_norm_68,vol_ratio_68,ret_69,close_norm_69,vol_ratio_69,ret_70,close_norm_70,vol_ratio_70,ret_71,close_norm_71,vol_ratio_71,ret_72,close_norm_72,vol_ratio_72,ret_73,close_norm_73,vol_ratio_73,ret_74,close_norm_74,vol_ratio_74,ret_75,close_norm_75,vol_ratio_75,ret_76,close_norm_76,vol_ratio_76,ret_77,close_norm_77,vol_ratio_77,ret_78,close_norm_78,vol_ratio_78,ret_79,close_norm_79,vol_ratio_79,ret_80,close_norm_80,vol_ratio_80,ret_81,close_norm_81,vol_ratio_81,ret_82,close_norm_82,vol_ratio_82,ret_83,close_norm_83,vol_ratio_83,ret_84,close_norm_84,vol_ratio_84,ret_85,close_norm_85,vol_ratio_85,ret_86,close_norm_86,vol_ratio_86,ret_87,close_norm_87,vol_ratio_87,ret_88,close_norm_88,vol_ratio_88,ret_89,close_norm_89,vol_ratio_89,ret_90,close_norm_90,vol_ratio_90,ret_91,close_norm_91,vol_ratio_91,ret_92,close_norm_92,vol_ratio_92,ret_93,close_norm_93,vol_ratio_93,ret_94,close_norm_94,vol_ratio_94,ret_95,close_norm_95,vol_ratio_95,ret_96,close_norm_96,vol_ratio_96,ret_97,close_norm_97,vol_ratio_97,ret_98,close_norm_98,vol_ratio_98,ret_99,close_norm_99,vol_ratio_99,ret_100,close_norm_100,vol_ratio_100,ret_101,close_norm_101,vol_ratio_101,ret_102,close_norm_102,vol_ratio_102,ret_103,close_norm_103,vol_ratio_103,ret_104,close_norm_104,vol_ratio_104,ret_105,close_norm_105,vol_ratio_105,ret_106,close_norm_106,vol_ratio_106,ret_107,close_norm_107,vol_ratio_107,ret_108,close_norm_108,vol_ratio_108,ret_109,close_norm_109,vol_ratio_109,ret_110,close_norm_110,vol_ratio_110,ret_111,close_norm_111,vol_ratio_111,ret_112,close_norm_112,vol_ratio_112,ret_113,close_norm_113,vol_ratio_113,ret_114,close_norm_114,vol_ratio_114,ret_115,close_norm_115,vol_ratio_115,ret_116,close_norm_116,vol_ratio_116,ret_117,close_norm_117,vol_ratio_117,ret_118,close_norm_118,vol_ratio_118,ret_119,close_norm_119,vol_ratio_119,ret_120,close_norm_120,vol_ratio_120,ret_121,close_norm_121,vol_ratio_121,ret_122,close_norm_122,vol_ratio_122,ret_123,close_norm_123,vol_ratio_123,ret_124,close_norm_124,vol_ratio_124,ret_125,close_norm_125,vol_ratio_125,ret_126,close_norm_126,vol_ratio_126,ret_127,close_norm_127,vol_ratio_127,ret_128,close_norm_128,vol_ratio_128,ret_129,close_norm_129,vol_ratio_129,ret_130,close_norm_130,vol_ratio_130,ret_131,close_norm_131,vol_ratio_131,ret_132,close_norm_132,vol_ratio_132,ret_133,close_norm_133,vol_ratio_133,ret_134,close_norm_134,vol_ratio_134,ret_135,close_norm_135,vol_ratio_135,ret_136,close_norm_136,vol_ratio_136,ret_137,close_norm_137,vol_ratio_137,ret_138,close_norm_138,vol_ratio_138,ret_139,close_norm_139,vol_ratio_139,ret_140,close_norm_140,vol_ratio_140,ret_141,close_norm_141,vol_ratio_141,ret_142,close_norm_142,vol_ratio_142,ret_143,close_norm_143,vol_ratio_143,ret_144,close_norm_144,vol_ratio_144,ret_145,close_norm_145,vol_ratio_145,ret_146,close_norm_146,vol_ratio_146,ret_147,close_norm_147,vol_ratio_147,ret_148,close_norm_148,vol_ratio_148,ret_149,close_norm_149,vol_ratio_149,ret_150,close_norm_150,vol_ratio_150,rs_at_d2,rs_20,rs_50,rs_150,rs_trend,rsi_14,bb_pos,pos_52w_high,pos_52w_low,atr_ratio,ma20_pos,ma50_pos,sec_Technology,sec_Healthcare,sec_Financial,sec_Consumer,sec_Energy,sec_Industrial,sec_Materials,sec_Utilities,sec_Real Estate,sec_Communication,sec_Other,cap_MegaCap,cap_LargeCap,cap_MidCap,cap_SmallCap,ticker,date,label,entry
0.0,0.0,1.2292,2.0247,0.0395,1.5341,0.7299,0.054,0.7287,0.2491,0.059,0.6192,-1.265,0.0336,0.9163,0.8694,0.0508,0.7289,-0.0907,0.049,0.5518,0.2043,0.0531,0.3718,0.4531,0.0622,0.7075,0.0677,0.0635,1.1108,1.7354,0.0985,1.2091,3.4559,0.1693,1.483,-1.4775,0.138,0.8429,-0.2825,0.1321,1.1461,0.0654,0.1335,1.0459,-0.0436,0.1325,0.8853,-0.4794,0.1226,0.7342,3.4158,0.1934,1.0844,-0.2752,0.1875,0.9621,1.7834,0.2256,1.1668,8.9487,0.4203,2.5994,5.3609,0.5474,2.8935,1.3811,0.5819,1.9991,1.0217,0.6078,0.951,3.5841,0.6995,1.1584,-2.0898,0.6441,1.2269,-3.254,0.5597,1.2569,1.519,0.5978,0.5407,-0.9263,0.5742,0.7652,0.5214,0.5874,0.5226,2.7902,0.6582,0.7884,0.2784,0.6655,0.6098,0.1215,0.6686,0.6598,-0.9012,0.645,0.7511,-2.2036,0.5878,0.7627,1.824,0.6341,0.4877,-3.2842,0.5493,0.9525,-0.3269,0.5411,0.6096,0.7105,0.5588,0.8708,1.0673,0.5856,0.5727,1.4677,0.6228,0.5348,7.7262,0.8216,1.7676,2.0632,0.8788,1.3475,1.476,0.9206,0.9692,-2.5771,0.8466,1.3486,-1.5255,0.8039,0.6828,1.5985,0.8479,0.7818,-0.438,0.8357,0.4358,-1.2545,0.8007,0.7361,0.363,0.8107,0.6751,-0.2301,0.8044,0.6139,-0.0824,0.8021,0.6611,1.7315,0.8498,0.6825,2.2532,0.9128,0.5927,-0.428,0.9006,0.5564,0.4299,0.9128,0.8893,3.0438,1.0,1.2234,-4.2923,0.8734,2.5417,-14.1617,0.4734,3.0824,2.4157,0.532,1.1855,-1.1337,0.5039,0.8646,5.8813,0.6482,0.8795,-2.0961,0.5937,1.001,-5.4237,0.4557,1.0721,-0.2641,0.4494,1.0872,1.1538,0.4771,0.5244,0.0187,0.4775,0.7212,1.9069,0.5238,0.7269,-1.7795,0.4798,0.5994,-1.0086,0.4553,0.5688,-0.0943,0.453,0.5342,1.2842,0.4839,0.6344,1.3612,0.517,0.5655,-1.9316,0.4694,0.5906,2.2885,0.5247,0.5565,-5.5382,0.3877,1.2277,1.0095,0.4113,0.7055,-1.5184,0.3754,0.6479,-2.4005,0.3196,0.7187,2.7195,0.3813,0.9432,-9.2077,0.1666,7.03,-0.729,0.1512,11.2047,1.6631,0.1861,0.8478,-2.7618,0.1271,1.4712,1.005,0.148,0.4298,-0.411,0.1394,0.3265,0.3475,0.1466,0.5396,-1.1688,0.1221,0.8654,-0.3285,0.1153,0.2653,0.813,0.1321,0.2638,-0.8065,0.1153,0.7973,2.1753,0.1602,0.6158,1.7204,0.1966,0.6254,-2.7696,0.1371,0.835,-0.5436,0.1257,0.5537,-1.9021,0.0862,0.6383,2.2732,0.1325,0.5521,1.4818,0.1634,0.5176,1.3313,0.1916,0.4299,0.7629,0.2079,0.3714,0.8623,0.2265,0.5839,1.0425,0.2492,0.3456,-4.7462,0.1448,0.6978,-0.8666,0.1266,1.8365,1.5516,0.1589,0.7289,3.3785,0.2301,1.115,-1.7485,0.192,0.5615,-5.0212,0.0844,0.7241,-0.7584,0.069,0.9015,0.517,0.0794,0.7788,1.4088,0.108,1.1449,-0.6395,0.0949,0.9486,-0.2663,0.0894,0.8483,-0.6676,0.0758,0.9533,1.2097,0.1003,0.6915,0.1992,0.1044,0.8281,0.3755,0.1121,0.9876,0.022,0.1126,0.9163,2.5083,0.1643,1.3776,0.5151,0.1752,0.8246,-1.751,0.138,0.7287,-1.2823,0.1112,1.403,15.3897,0.4285,3.2601,0.2862,0.4353,2.1789,1.8836,0.4803,1.4569,5.1541,0.6055,2.8603,2.1488,0.6605,1.3006,-2.347,0.5992,0.8785,-0.5697,0.5847,1.045,1.325,0.6182,0.8579,0.106,0.621,0.8786,-1.0591,0.5937,0.6444,1.463,0.631,0.2284,-0.4924,0.6182,1.5342,-3.8523,0.5193,0.6381,2.4444,0.5797,0.8879,1.0405,0.606,0.8948,2.8409,0.6786,0.9976,3.453,0.7694,1.6218,-2.8371,0.6922,1.0036,0.0515,0.6936,0.7982,-1.9914,0.6409,0.6177,-0.5605,0.6264,0.4783,0.5461,0.6405,0.6208,2.733,0.7113,1.0091,5.2694,0.8516,2.0302,-5.7832,0.6895,1.8936,-2.6823,0.6187,2.1195,2.5795,0.685,0.7336,4.1337,0.7939,0.8206,31.2481,1.5149,13.4597,21.813,-11.9448,61.3656,0.9328,0.9302,2.1601,0.0443,1.0501,1.1615,0,0,0,0,0,0,0,0,0,0,0,0,0,0,1,AMPH,2023-12-22,1,60.92
0.0,0.1296,0.8725,-2.6372,0.1048,0.8749,-1.1647,0.0941,0.6605,2.2879,0.1148,0.8706,-2.0438,0.0959,0.7715,-1.2959,0.0841,1.0611,-1.9199,0.0669,0.7459,0.8023,0.074,0.752,7.5136,0.1406,1.0899,2.4546,0.1639,0.9522,-1.5451,0.1489,0.7128,2.2825,0.1708,1.1183,2.2672,0.1931,0.8726,-0.846,0.1846,0.6579,4.5193,0.2296,0.6786,-0.5714,0.2236,0.8439,0.9055,0.233,0.8074,-8.2055,0.1473,1.2304,0.0026,0.1473,0.7774,-0.0469,0.1469,0.5783,-0.7433,0.1397,1.1034,-4.2278,0.0995,0.7343,1.6983,0.115,0.6083,-2.7598,0.0894,0.5132,-4.4611,0.0492,1.0377,-5.7119,0.0,1.554,3.2953,0.0268,0.9686,4.198,0.062,0.9327,-3.056,0.0353,0.7229,2.5531,0.0569,0.9636,-3.9344,0.0227,3.4123,4.8835,0.0635,1.3446,-3.8248,0.03,0.879,-0.2049,0.0283,0.6789,1.6786,0.0424,0.5825,0.9835,0.0508,0.5274,-0.0725,0.0501,0.517,2.3176,0.0701,0.7398,-1.82,0.0541,1.0149,-3.2398,0.026,0.6426,6.2071,0.078,1.1365,-0.8261,0.0707,0.6087,0.7196,0.077,0.6718,2.3291,0.0977,0.8325,0.1869,0.0994,0.8621,0.4692,0.1037,0.824,-4.416,0.0633,0.8919,3.4629,0.0936,0.6819,-0.602,0.0881,0.5108,1.1669,0.0986,0.5586,1.8729,0.1157,0.56,-2.5151,0.0923,0.7685,0.4646,0.0965,0.5606,7.539,0.165,2.0615,-2.9511,0.1362,1.5674,4.1775,0.1758,1.192,-4.3239,0.1331,1.4949,3.3445,0.1647,2.891,11.9748,0.2817,4.2556,4.2621,0.3283,1.6856,2.1054,0.3523,1.0089,0.305,0.3558,0.769,-4.4111,0.3043,1.0621,-2.9256,0.2717,0.8212,1.2323,0.285,0.5567,-0.0319,0.2847,0.4489,-5.9151,0.2198,0.9171,-0.0533,0.2192,1.0653,1.5471,0.2352,0.8269,5.4733,0.2925,0.9948,2.0377,0.315,0.6272,4.1382,0.3616,0.865,-1.3615,0.3457,0.451,4.4952,0.3977,0.8911,-1.0667,0.3848,0.79,0.6561,0.3927,0.8175,1.1666,0.4067,0.7806,2.5895,0.4383,0.9703,-1.9461,0.4139,1.365,11.5862,0.556,3.0299,2.0346,0.5838,1.4654,1.6035,0.6062,1.1351,0.7388,0.6166,1.0157,1.8711,0.6434,1.1164,1.9141,0.6712,1.0215,1.7972,0.6979,1.3727,0.4737,0.705,1.3609,2.4495,0.7422,1.377,4.5163,0.8124,10.6483,-0.9375,0.7972,0.9061,1.1935,0.8164,0.7481,-1.422,0.7932,0.5644,-0.3131,0.7882,0.6035,4.6803,0.8631,0.5665,6.3446,0.9693,1.1043,0.8675,0.9848,0.6058,-2.011,0.9487,0.5529,-2.9045,0.8975,0.5381,-0.1287,0.8953,0.3727,-14.0254,0.6559,1.3013,7.6405,0.768,1.0723,-0.3403,0.7627,0.4914,-4.6657,0.6892,0.5679,-5.069,0.6131,0.5846,3.5481,0.6637,0.367,-0.0136,0.6635,0.3259,2.0796,0.6941,0.3301,0.5612,0.7026,0.3392,-1.0517,0.6867,0.3248,-5.5681,0.6032,0.9799,-2.3501,0.57,0.6437,2.204,0.6004,0.7002,4.4049,0.6626,0.5131,5.1382,0.7384,0.6714,3.7258,0.7962,0.6269,-2.5315,0.7555,0.4547,0.6988,0.7664,0.5597,-1.6762,0.7399,0.6812,2.6925,0.7817,0.8454,-0.8143,0.7688,0.6375,-3.7112,0.7101,0.8145,1.3751,0.731,1.4579,0.6985,0.7418,2.0172,-0.2301,0.7382,1.5552,5.0635,0.8167,1.0881,-8.6609,0.6757,1.7243,-1.6893,0.6505,0.9849,-4.9089,0.5787,1.1388,0.2787,0.5826,0.8993,-3.3046,0.5365,0.8344,-2.4589,0.5034,0.8625,0.768,0.5135,0.8825,-1.7413,0.4904,0.9811,-0.1075,0.489,1.3174,7.6,0.5879,1.0714,-0.6735,0.5784,0.5821,5.4565,0.6543,0.7237,2.2358,0.6871,0.3828,4.0218,0.7474,0.9705,4.7162,0.8209,1.1078,1.4104,0.8439,0.6263,3.2573,0.8979,1.0454,1.1934,0.9183,0.7486,-0.3151,0.9128,0.6749,5.0539,1.0,0.9213,-2.945,0.9466,0.8441,1.948,0.9809,0.8838,-6.459,0.8651,1.0424,0.6702,0.8763,0.9558,0.3162,0.8817,0.8225,53.0613,22.6516,4.6101,65.537,18.0415,58.2634,0.6744,0.9347,3.0875,0.049,1.0775,1.1058,0,0,0,0,0,0,0,0,0,0,0,0,0,0,1,APP,2025-12-19,0,721.37
0.0,0.0,1.1962,0.7163,0.01,0.8164,2.215,0.0409,1.542,2.4056,0.0753,0.7289,0.4465,0.0819,0.8384,2.0874,0.1126,0.9522,0.2272,0.116,1.2571,0.2078,0.1191,0.765,-2.7521,0.0776,1.1665,-1.8996,0.0498,1.0948,9.6621,0.1888,2.4852,3.2252,0.2397,1.6711,0.4189,0.2465,1.3052,3.7372,0.3076,1.2074,-0.7875,0.2943,0.9094,1.216,0.3148,0.7216,1.1347,0.3341,0.7391,-0.6765,0.3224,0.3713,1.412,0.3466,0.7358,1.2285,0.3679,0.8345,-0.1294,0.3657,0.5766,-0.9397,0.3492,0.5896,0.6215,0.36,0.5763,-0.7152,0.3475,0.6271,0.704,0.3597,0.6878,-1.4632,0.3341,0.8909,-4.7847,0.2516,2.2025,-1.0743,0.234,1.2622,-2.3121,0.1965,1.3106,-4.2496,0.1291,2.0184,1.2921,0.1487,1.2749,-0.4067,0.1425,1.5774,-2.6174,0.1024,1.8169,-4.2127,0.0395,9.6727,2.8259,0.0799,1.8571,1.7418,0.1055,0.9118,-0.7799,0.0938,0.5316,-0.0383,0.0933,0.7542,-0.3836,0.0876,0.6617,3.8698,0.1447,0.8332,-0.8897,0.1311,0.5951,-2.263,0.0967,0.7518,2.0857,0.1277,0.5052,0.0187,0.1279,0.4358,0.7309,0.139,0.5476,-0.1674,0.1365,1.4339,2.7395,0.1783,0.5479,-1.0521,0.1618,0.4062,0.495,0.1695,0.3237,0.6932,0.1803,0.338,3.5326,0.2357,0.9582,0.4024,0.2423,0.4847,1.8299,0.2721,0.4844,-2.5329,0.23,0.3167,-0.4741,0.2223,0.6271,-0.1588,0.2198,0.6461,1.1133,0.2377,0.6848,3.338,0.292,0.9351,4.5662,0.3688,1.0434,0.372,0.3753,1.3447,5.9459,0.4802,1.681,7.6958,0.6241,3.1429,0.7767,0.6397,1.5968,-2.1721,0.5957,1.556,1.5184,0.6258,0.8559,1.0442,0.6469,1.1654,3.1979,0.712,1.3359,-1.3396,0.6838,1.5413,3.0723,0.7475,1.0035,1.9029,0.7882,1.251,0.0914,0.7902,1.0836,1.2524,0.8175,1.2021,-5.9271,0.6867,2.5368,-4.2323,0.5988,1.9998,-3.8616,0.522,1.373,-3.2877,0.4592,0.9043,-0.0461,0.4583,0.7484,-0.554,0.4481,0.4455,2.0118,0.4851,0.4419,-1.2136,0.4623,0.6285,-4.0233,0.3878,1.2847,0.336,0.3938,0.8006,-1.0206,0.3756,0.5653,0.0483,0.3765,1.4968,3.4138,0.4367,0.7521,0.4671,0.4453,0.4081,-1.6739,0.4146,0.4603,1.2295,0.4367,0.3555,0.4204,0.4444,0.2962,8.0633,0.5923,1.0737,-1.191,0.5687,0.6031,-1.0746,0.5476,0.3961,0.9982,0.567,0.5708,-0.1599,0.5638,0.4359,1.0773,0.5849,0.8635,-1.8436,0.5485,1.0105,-1.438,0.5206,0.4876,-1.9205,0.4839,0.8849,-3.6582,0.4154,1.2483,-0.772,0.4015,1.6711,-1.0321,0.383,1.5689,-1.4439,0.3574,0.9176,0.3419,0.3634,0.8696,2.5308,0.4077,0.7717,2.231,0.4478,0.7237,1.7025,0.4791,1.3939,0.9588,0.497,1.2787,2.6681,0.5473,1.2847,-2.7749,0.4936,2.6044,-0.5436,0.4834,0.8886,-2.3383,0.4396,1.0269,-2.9229,0.3861,1.1146,0.1281,0.3884,1.1209,-0.3839,0.3816,0.8153,0.9634,0.3986,0.921,-3.6578,0.3332,0.7821,-1.073,0.3148,0.722,0.8844,0.3298,1.2911,1.8359,0.3614,0.6424,-1.0395,0.3432,0.725,-1.0504,0.325,0.7887,1.1279,0.3443,0.4911,-0.9185,0.3284,0.6581,6.1579,0.4342,1.5469,1.1227,0.4546,0.4808,2.2205,0.4956,0.6323,0.9655,0.5138,0.7288,1.8975,0.5499,0.781,-2.3754,0.5038,0.6526,-2.3881,0.4586,1.2381,0.9232,0.4757,0.516,0.0762,0.4771,0.5789,1.5235,0.5055,0.9796,-2.6861,0.4546,0.8406,3.3616,0.5166,0.7837,-1.0891,0.4959,0.8812,0.2866,0.5013,0.8952,1.8499,0.5363,1.8222,-2.7614,0.4831,1.4924,-0.9719,0.4649,0.805,3.6804,0.5331,1.2084,20.6183,0.9295,5.3293,-2.7223,0.8664,2.167,1.6261,0.903,0.9913,4.2297,1.0,1.3961,-0.5236,0.9875,0.8778,-2.1414,0.9366,0.9788,-1.4914,0.9019,0.9587,-0.5212,0.89,1.0283,-0.2745,0.8837,1.0526,32.6391,19.1682,23.1393,43.6229,-3.9711,65.1748,0.7282,0.9513,2.1042,0.0458,1.0947,1.1869,0,0,0,0,0,0,0,0,0,0,0,0,0,1,0,AX,2024-11-21,0,82.12
0.0,0.0446,0.4819,2.1387,0.0576,0.262,-1.0187,0.0513,0.4722,3.6592,0.0736,0.4828,-3.4197,0.052,0.56,3.1411,0.0712,0.6408,-1.9934,0.0586,0.8217,10.113,0.121,0.7719,-1.2314,0.1127,0.6431,-0.7792,0.1074,0.5871,-0.0524,0.1071,0.7323,-7.5432,0.0569,0.9242,2.4363,0.0719,0.9118,3.1527,0.0917,0.6798,17.1046,0.203,1.7128,-4.2125,0.1709,1.5314,-12.8585,0.0771,2.0193,-3.7301,0.0534,1.169,-8.7179,0.0,2.5811,19.0387,0.1064,1.3625,-6.817,0.061,1.1302,-2.9263,0.0429,0.6265,-0.9275,0.0373,0.5616,-0.4681,0.0345,0.6275,1.5285,0.0436,0.4505,9.2646,0.0994,0.8339,3.8156,0.1245,1.2369,12.6085,0.2107,1.0929,0.4986,0.2145,0.8257,-0.9923,0.2068,0.8892,10.2961,0.2857,0.8569,-2.9327,0.2609,1.1195,-0.1702,0.2595,0.5488,0.8525,0.2665,0.4432,4.3111,0.3021,0.4563,-0.1621,0.3007,0.8853,-6.5747,0.2442,0.6999,3.9531,0.2759,0.7789,8.6502,0.3481,0.9399,-2.5,0.3254,0.9583,8.8757,0.4039,1.4331,8.3333,0.4841,1.7506,-4.0134,0.4423,0.9419,-5.5749,0.3865,0.8186,0.0,0.3865,0.8222,4.059,0.4248,0.9582,-2.4468,0.4008,1.335,6.3613,0.4618,1.4238,0.4785,0.4667,3.346,-0.8503,0.458,0.6397,-0.789,0.4499,0.857,-4.5297,0.4043,1.1497,2.2456,0.4259,1.6542,-2.3734,0.4025,0.5594,5.225,0.4527,0.4818,5.8621,0.512,0.9399,0.7492,0.5201,1.0528,-2.1662,0.4967,0.4217,2.2141,0.5201,0.2123,-0.2263,0.5176,0.5355,1.8471,0.5375,0.5534,4.6134,0.5881,0.7484,1.8248,0.609,0.6549,3.6738,0.6519,0.8727,4.6096,0.7077,0.6809,-0.3029,0.7039,0.9438,-1.1878,0.6889,0.5594,3.4386,0.7318,0.6978,7.6486,0.8305,0.8255,1.5566,0.8521,0.9217,-3.0902,0.8085,0.8763,2.5,0.8427,0.7757,2.8372,0.8825,1.2366,-1.4037,0.8622,1.4547,2.5528,0.8985,0.9574,0.0,0.8985,1.2222,0.0239,0.8988,1.6157,0.4547,0.9055,1.2178,-3.2396,0.858,1.0873,1.1324,0.8741,1.0111,-1.1198,0.858,0.7976,1.2802,0.8762,0.4716,0.0972,0.8776,0.3168,0.0729,0.8786,0.3726,-4.926,0.8078,0.8229,-2.0929,0.7792,1.2219,-1.2252,0.7628,1.0725,-0.5015,0.7562,0.877,-3.0239,0.7164,0.7459,-0.6838,0.7077,0.484,-1.2944,0.6913,0.6161,-0.9487,0.6795,0.847,-1.2676,0.6638,1.0497,-3.1098,0.6257,0.8928,2.8269,0.6592,0.5238,-1.26,0.6439,0.497,0.29,0.6474,0.6276,-0.3181,0.6435,0.5554,2.8431,0.6777,0.5163,-2.0028,0.6529,0.567,1.1514,0.6669,1.8083,2.988,0.7035,0.6865,-6.7422,0.6184,1.3823,2.8741,0.6522,0.9092,0.7488,0.6613,1.3017,-0.829,0.6512,0.7551,-1.2396,0.6362,0.8275,0.467,0.6418,0.8251,-1.9175,0.6188,0.8487,3.7322,0.6627,1.1223,-2.0845,0.6373,3.8702,-2.8288,0.6034,0.6052,-0.3001,0.5999,0.604,-2.5286,0.5706,0.8121,-0.4324,0.5657,0.8663,-0.062,0.5651,0.733,0.2483,0.5678,0.5669,-0.3406,0.564,0.7059,-0.7145,0.556,0.5189,1.2203,0.5696,0.9145,6.4915,0.6428,1.2512,-4.209,0.5923,1.6109,-1.3939,0.5762,0.7615,0.338,0.58,0.528,2.2665,0.6059,0.6569,0.0299,0.6062,1.239,-0.5689,0.5996,0.4942,-0.1204,0.5982,0.6231,0.4522,0.6034,0.5682,-1.8007,0.5825,0.5515,-2.6284,0.5525,0.5564,3.9234,0.5961,0.8242,4.8324,0.6519,1.4235,-1.3253,0.6359,1.7262,-3.5328,0.5937,1.1819,-2.8148,0.5612,1.6227,0.5294,0.5671,1.0474,2.1066,0.5909,1.1699,-2.0934,0.5668,1.1094,4.5863,0.6184,1.2691,17.8074,0.828,3.2553,0.3521,0.8329,1.8894,0.7769,0.8437,2.1586,0.6963,0.8535,1.0222,3.3095,0.9002,1.4871,6.8372,1.0,2.71,-0.9846,0.9847,1.2221,-2.5537,0.9452,1.2046,-1.9017,0.9166,0.6658,-2.8842,0.8741,0.736,33.9803,23.8689,16.6306,126.5297,7.2383,61.9865,0.7013,0.9192,2.5643,0.0525,1.0984,1.1716,0,0,0,0,0,0,0,0,0,0,0,0,0,0,1,CUBI,2023-11-14,0,44.23
0.0,0.2954,0.7784,-6.2328,0.1111,1.1512,0.6843,0.1301,0.7107,1.5534,0.1734,0.6491,1.6252,0.2195,0.5694,-1.9755,0.1626,0.4745,-4.4146,0.0379,1.0135,-1.4056,0.0,0.9227,1.4257,0.0379,0.6477,4.1165,0.1491,0.9311,5.4966,0.3035,2.7521,11.3346,0.6396,2.2148,2.9557,0.7371,1.9941,-1.4354,0.6883,0.8842,2.9935,0.7886,0.6926,-5.2632,0.607,0.9159,2.1559,0.6775,0.5768,0.4058,0.6911,0.3836,-3.0719,0.5881,0.6168,0.3336,0.5989,0.5698,0.2494,0.607,0.8467,-1.7413,0.5501,0.5548,1.2658,0.5908,1.1322,0.6667,0.6125,1.1658,5.5464,0.794,1.0192,-4.0,0.6558,0.8757,-7.6797,0.4011,0.9935,0.531,0.4173,0.7224,-0.6162,0.3984,1.3576,-0.5314,0.3821,0.6934,2.9386,0.4715,0.84,-0.8651,0.4444,0.6706,-2.356,0.3713,0.6269,2.681,0.4526,0.9487,1.8277,0.5095,0.7225,-2.3932,0.4336,0.6379,-0.7005,0.4119,1.0352,-6.9665,0.1978,1.8041,-0.9479,0.1707,1.4624,4.7847,0.3062,1.4666,-3.0137,0.2168,1.9086,-0.3766,0.206,1.021,2.6465,0.2818,1.6525,-4.1436,0.1599,0.6613,-0.2882,0.1518,0.4556,-2.7938,0.0732,0.6535,-0.5946,0.0569,0.6837,2.0937,0.1138,0.6263,4.3945,0.2358,1.0367,-3.8354,0.1247,0.8734,1.5564,0.168,0.5244,2.4904,0.2385,1.2575,1.9626,0.2954,1.0584,-0.55,0.2791,0.7768,0.1843,0.2846,0.7359,-4.3238,0.1572,0.8343,-2.8846,0.0759,0.654,6.2376,0.2466,1.0677,-0.466,0.2331,0.6848,2.5281,0.3062,0.7295,-3.1963,0.2114,0.6269,3.6792,0.3171,0.8894,2.8207,0.4011,0.7874,-5.0442,0.2466,2.2254,0.932,0.2737,0.8228,2.5854,0.3496,0.8138,-3.6004,0.2412,1.2046,-1.0271,0.2114,0.9055,-0.7547,0.1897,2.5432,-1.3308,0.1518,0.8329,3.5645,0.252,1.1154,-6.9767,0.0488,1.9401,3.6,0.1463,0.7668,-3.5714,0.0461,1.0889,1.1011,0.0759,0.6436,0.099,0.0786,1.1577,1.9782,0.1328,1.4333,4.4617,0.2575,1.3632,-1.1142,0.2249,0.9513,4.1315,0.3442,1.1682,1.2624,0.3821,1.1082,2.1371,0.4472,0.6807,1.7437,0.5014,0.9588,-5.6555,0.3225,1.0777,-0.3633,0.3117,0.5837,-0.6381,0.2927,0.7653,-0.4587,0.2791,0.5711,6.4516,0.4688,0.7054,-1.039,0.4363,0.5226,0.5249,0.4526,0.2335,0.3481,0.4634,0.7909,-0.4337,0.4499,0.5117,5.4007,0.6179,1.1441,1.4876,0.6667,1.2619,3.4202,0.7805,0.9534,-2.5984,0.6911,0.735,-0.9701,0.6585,0.5373,-0.5714,0.6396,0.552,-1.7241,0.5827,0.8078,-2.3392,0.5068,0.5673,4.7904,0.6585,0.7719,0.8163,0.6856,0.8178,0.8097,0.7127,0.8441,-2.8916,0.6152,2.2365,1.158,0.6531,2.5851,-3.843,0.5257,0.7833,-0.3401,0.5149,0.9588,2.1331,0.5827,0.9087,-0.5013,0.5664,0.8131,-2.0151,0.5014,0.6343,-1.1997,0.4634,0.5223,2.255,0.5339,0.6992,2.5445,0.6152,1.0973,0.9926,0.6477,0.6289,-2.2932,0.5718,0.767,0.8382,0.5989,0.9603,-1.4131,0.5528,0.7735,-0.6745,0.5312,0.848,-4.0747,0.4011,1.1496,1.3274,0.4417,0.9329,4.9782,0.5962,1.2218,6.9052,0.8211,1.5662,-0.1556,0.8157,1.8138,-3.1956,0.7046,1.4697,5.475,0.8889,2.1192,-0.5344,0.8699,1.1994,0.0,0.8699,1.4576,0.2302,0.878,1.9873,2.5268,0.9675,0.6961,-1.2696,0.9214,0.6058,-0.3782,0.9079,0.8866,-2.5816,0.8157,0.8103,-0.6235,0.794,0.6194,2.2745,0.8726,0.7663,0.9202,0.9051,1.3658,2.6596,1.0,1.0992,-1.9245,0.9295,0.7117,-1.5094,0.8753,0.6038,-2.8352,0.7751,1.2829,-0.7886,0.748,0.8229,0.5564,0.7669,0.63,-0.5534,0.748,0.4367,0.4769,0.7642,0.4435,-1.1867,0.7236,2.3023,4.964,0.8916,2.1502,-1.9832,0.8211,1.1919,3.5798,0.9458,0.7626,-3.2307,0.8293,0.8822,1.3975,0.878,0.5988,-0.1531,0.8726,1.0297,34.2767,3.0719,6.087,26.0665,-3.0151,53.8142,0.5992,0.9652,2.0931,0.0326,1.0084,1.0416,0,0,0,0,0,0,0,0,0,0,0,0,0,1,0,FOLD,2023-02-28,0,13.19
0.0,0.0522,0.967,-1.3639,0.0272,0.749,-1.3199,0.0034,0.8518,-0.1911,0.0,1.3338,3.1908,0.0568,0.9437,3.4632,0.1203,1.4206,2.3909,0.1657,1.7066,0.5254,0.1759,1.2076,-2.9036,0.1192,1.4041,1.3158,0.1442,1.2109,-3.719,0.0726,0.8288,1.2876,0.0965,0.6548,-1.8765,0.0613,10.4933,-2.0358,0.0238,0.4794,5.1637,0.1169,0.5693,2.994,0.1737,1.0362,2.3256,0.2191,0.6453,-0.1136,0.2168,0.8633,0.1706,0.2202,0.3814,-6.3032,0.0942,0.9824,-2.0,0.0568,1.1142,0.804,0.0715,0.6535,1.4724,0.0988,0.4913,3.3253,0.1612,0.48,1.8724,0.1975,0.622,1.3785,0.2247,0.4621,-0.5099,0.2145,0.4461,0.3417,0.2213,0.8108,0.227,0.2259,0.5305,2.3783,0.2736,0.6562,-2.9314,0.2134,0.6823,-3.3048,0.1476,0.7363,-0.9428,0.1294,0.4223,1.1303,0.151,0.4677,2.4118,0.1975,0.5247,-0.6893,0.1839,0.619,1.9086,0.2213,0.5677,5.9024,0.3394,1.1562,-2.2508,0.2917,1.1848,18.4759,0.6742,6.7386,-1.0643,0.6481,2.3573,-2.1515,0.5959,1.1488,3.7763,0.6856,0.997,-1.1976,0.6561,1.1064,2.0979,0.7072,0.9576,2.7397,0.7753,1.262,-0.0889,0.773,0.8429,1.2456,0.8048,0.6684,-1.5378,0.765,0.6153,-1.4726,0.7276,0.9258,-4.4384,0.6163,0.6929,1.6588,0.6561,0.9539,-1.9114,0.6095,0.81,-0.6654,0.5936,1.0273,-0.5263,0.5812,1.0078,-0.5772,0.5675,0.6234,2.3222,0.622,1.2135,0.2364,0.6277,0.6428,0.8962,0.6493,0.9044,2.3375,0.706,1.0059,-0.0914,0.7037,0.7705,1.9662,0.7526,0.9283,-0.3139,0.7446,1.378,3.1939,0.8252,1.5947,0.7847,0.8456,1.8547,-5.2768,0.7072,1.1704,1.5068,0.7446,0.837,-2.4741,0.6822,0.6922,-3.3672,0.5993,1.5626,-1.8616,0.5551,1.0023,-2.6751,0.4926,1.3951,-0.5997,0.479,1.0331,0.4525,0.4892,0.7321,0.5506,0.5017,0.5532,-2.9368,0.4347,0.793,-0.6154,0.4211,0.5112,0.1548,0.4245,0.5002,-3.5549,0.3462,0.4815,3.0716,0.4115,0.7328,1.3734,0.4415,0.4089,1.8405,0.4824,0.8443,-2.761,0.42,0.7766,-3.9752,0.3326,0.6051,1.6667,0.3678,0.6317,-0.4759,0.3575,0.6529,3.6663,0.4359,1.022,-2.1015,0.3893,0.564,-2.0942,0.3439,0.817,0.0,0.3439,0.8406,-4.1711,0.2554,0.8817,-1.0045,0.235,0.5677,4.7351,0.3303,1.3185,2.5296,0.3837,1.7772,-0.6824,0.3689,1.1106,0.2114,0.3734,1.1724,-2.1624,0.3269,1.167,-1.4016,0.2974,1.2445,1.8589,0.336,1.1983,-4.9383,0.2316,0.9897,-0.2259,0.227,1.0379,0.0,0.227,0.7652,-0.283,0.2213,1.1736,1.8161,0.2577,1.8904,-2.1739,0.2134,2.1182,3.9316,0.2917,1.0322,4.1667,0.378,1.1448,-3.5789,0.3008,0.769,3.2751,0.3689,0.879,-3.5412,0.2928,1.5374,-6.5753,0.1566,1.3779,2.346,0.202,0.8607,-1.5473,0.1714,0.7103,6.6356,0.3008,0.9375,-0.8188,0.2838,1.1893,-2.2565,0.2372,0.7555,4.5045,0.328,0.9935,1.9397,0.3689,0.7515,-0.8985,0.3496,0.665,0.7467,0.3655,0.6616,0.0,0.3655,0.2034,0.3706,0.3734,0.5807,2.7954,0.4336,1.0882,4.9256,0.5426,1.5391,-2.1027,0.4938,1.0606,5.9441,0.6288,1.6245,-2.7346,0.563,1.0172,1.2118,0.5914,0.7567,-1.8199,0.5482,0.5985,-2.0976,0.4994,0.9413,0.9467,0.521,0.4623,1.3327,0.5516,0.8803,3.4584,0.6322,1.2601,4.4727,0.7401,2.1275,6.0838,0.8933,2.2243,2.5913,0.9625,2.1487,0.1656,0.9671,1.0342,1.1988,1.0,1.1469,-3.7582,0.8956,0.8017,2.2071,0.9546,0.6446,-0.4983,0.941,0.4203,-0.5008,0.9274,0.4927,-0.4614,0.9149,0.5217,1.1378,0.9455,0.5719,-2.125,0.8876,0.7093,-6.0026,0.7276,1.1757,-2.5815,0.6629,1.4292,-0.186,0.6583,1.1757,2.0494,0.7083,0.6913,3.6057,0.798,1.009,0.7048,0.8161,0.6135,29.2568,7.1081,17.6789,34.8502,-10.5708,56.1152,0.475,0.9338,1.8172,0.0346,0.995,1.1147,0,0,0,0,0,0,0,0,0,0,0,0,0,1,0,FRSH,2024-01-12,0,23.59
0.0,0.1136,0.4965,-1.83,0.0744,0.8479,-1.1425,0.0505,0.8941,-0.4258,0.0416,0.9684,-2.0159,0.0,0.7676,0.717,0.0145,0.9501,0.8357,0.0315,1.3248,2.4555,0.082,1.0289,-0.1797,0.0782,1.4453,0.06,0.0795,1.2472,2.3695,0.1293,0.6434,0.6153,0.1426,0.5392,2.4752,0.1962,1.13,-0.4831,0.1855,1.9627,-0.9138,0.1653,1.2681,-1.902,0.1237,1.1811,1.0576,0.1464,1.0482,1.8314,0.1861,0.9624,-2.8547,0.123,1.6488,1.2048,0.1489,1.3115,0.5517,0.1609,0.8429,3.3786,0.2347,0.8019,-4.7207,0.1281,0.7306,-0.8502,0.1098,0.5382,-0.0591,0.1085,0.9113,-3.2544,0.0391,0.7166,-0.2141,0.0347,0.4819,-0.1839,0.0309,0.8125,0.4298,0.0397,0.576,-0.3669,0.0322,0.5175,4.8481,0.1319,0.6698,-3.1314,0.0644,0.8051,1.2085,0.0896,0.9193,0.0,0.0896,0.9026,-1.2239,0.0637,0.8485,1.6319,0.0978,0.557,1.7247,0.1344,0.5031,1.5493,0.1678,0.4978,2.015,0.212,0.3928,-0.9594,0.1905,0.7627,1.339,0.2202,0.9004,2.6146,0.2789,0.7512,-0.7945,0.2606,0.6725,-0.2762,0.2543,0.9638,1.3847,0.2858,0.8064,-0.9833,0.2631,0.8811,0.1655,0.2669,1.4439,-1.3495,0.236,2.3062,-2.1776,0.1868,2.0221,0.9132,0.2069,1.8577,1.9514,0.2505,1.8908,-4.0222,0.159,3.1186,-1.9075,0.1174,2.081,2.8285,0.1779,0.805,-0.8023,0.1603,0.9598,-0.491,0.1495,1.2886,4.4122,0.2454,2.3311,-0.2224,0.2404,0.9371,-2.1454,0.1918,0.6101,-0.9966,0.1697,0.3805,2.3871,0.2221,1.0737,-0.3652,0.2139,0.562,-1.2405,0.1861,0.9187,-1.0562,0.1628,0.6884,3.6065,0.2416,0.3818,-0.724,0.2252,0.3432,-0.7293,0.2088,0.2979,0.1695,0.2126,0.2589,-0.4513,0.2025,0.4454,-0.0283,0.2019,0.3889,1.8141,0.2423,0.8204,-1.3641,0.2114,0.595,4.2901,0.3073,0.7827,0.7037,0.3237,0.8848,1.7737,0.3653,0.9191,-1.0562,0.3401,0.6707,0.6138,0.3546,0.5772,0.2918,0.3615,0.6273,2.0894,0.4114,1.3606,5.1554,0.5369,1.5298,2.2912,0.5956,1.316,0.5539,0.6101,1.1513,-1.2455,0.5773,0.8581,1.5765,0.6183,0.6979,-0.4776,0.6057,0.8191,-0.6958,0.5874,0.7587,0.145,0.5912,1.0723,-1.158,0.5609,0.8848,1.074,0.5886,1.031,1.3282,0.6233,1.0263,1.5729,0.665,0.6392,0.6335,0.682,0.7196,0.2798,0.6896,1.5747,-1.2788,0.6549,0.742,0.5181,0.6688,0.5975,-0.5623,0.6536,0.9719,-1.6023,0.6107,0.8835,-0.5268,0.5968,0.6939,0.8907,0.6202,0.5773,1.6702,0.6644,0.8368,-3.8958,0.5596,1.37,-0.7326,0.5407,0.7034,-0.2214,0.535,0.8384,-1.7012,0.4915,0.8088,-1.229,0.4606,1.3116,0.3555,0.4694,1.8343,-2.4545,0.4082,1.0121,2.594,0.4713,1.0921,-0.7332,0.453,0.7567,3.515,0.5401,1.2104,0.6152,0.5558,0.9403,-4.0841,0.4505,0.9884,-0.1785,0.4461,0.7871,-0.5364,0.4328,0.5878,-0.4622,0.4215,2.3914,3.3024,0.5022,1.4099,-1.2238,0.4713,1.1973,-0.2276,0.4656,1.1335,-1.5966,0.4259,1.1088,-0.8241,0.4057,1.0162,-1.1685,0.3773,1.2075,-1.2349,0.3476,1.3322,1.6494,0.3868,2.6401,-0.6805,0.3703,0.8038,-1.6601,0.3306,2.028,4.0997,0.4271,0.657,2.9858,0.5003,1.1236,-0.15,0.4965,0.7271,-0.1752,0.4921,0.6237,3.1846,0.5722,1.3686,1.2637,0.605,1.0353,1.2959,0.6391,1.7609,1.4688,0.6782,0.8824,0.3269,0.6871,1.9609,-1.8152,0.6379,0.7569,2.9154,0.7155,1.0886,1.0134,0.7432,0.7782,0.7068,0.7628,0.6863,-1.6074,0.718,0.7658,3.6355,0.8177,0.9944,-0.2442,0.8107,1.3869,0.1558,0.8151,1.2931,0.1556,0.8196,0.8451,0.2441,0.8265,1.0728,4.471,0.9539,1.5526,-1.1653,0.9192,1.14,2.7438,1.0,1.0666,-3.3382,0.8991,1.233,-2.957,0.8126,1.0866,2.9359,0.8959,1.0036,32.2965,5.8503,21.9921,57.9724,-16.1418,61.294,0.7507,0.9628,1.4426,0.0295,1.0384,1.1165,0,0,0,0,0,0,0,0,0,0,0,0,0,1,0,FSS,2022-11-09,0,47.16
0.0,0.0561,0.9608,0.5742,0.0668,0.8295,0.1269,0.0691,0.5656,-0.1056,0.0672,0.6623,1.7548,0.1,1.5096,-0.8726,0.0834,0.6885,2.1379,0.1237,1.8786,1.97,0.1616,1.3105,-2.0729,0.1209,1.8854,1.4591,0.149,0.7763,-0.6077,0.1371,1.1078,-5.7877,0.0249,1.6385,-1.3628,0.0,1.1408,1.6228,0.0292,1.3543,2.2227,0.0699,0.8532,-1.4355,0.0431,0.6571,7.0465,0.1731,1.2474,-0.2601,0.1679,0.6707,2.2267,0.2118,1.1792,5.573,0.324,1.2226,-0.9108,0.3046,0.8383,1.7633,0.3418,0.5674,1.3641,0.371,0.5374,0.5819,0.3836,0.2673,2.1515,0.4307,1.0479,-2.4071,0.3769,0.5902,-1.0519,0.354,0.6179,2.5843,0.4097,0.5994,4.2701,0.5041,0.8822,-1.9705,0.4587,0.9083,0.2272,0.4638,1.1394,1.3777,0.4951,1.3124,0.4989,0.5065,0.833,-0.4793,0.4955,0.5713,-1.8748,0.4524,1.0652,-2.3839,0.3987,0.9943,0.6464,0.4129,1.4027,-0.1606,0.4093,1.3104,1.4296,0.4409,5.8841,1.6209,0.4773,0.7647,5.2531,0.597,1.0952,0.0165,0.5974,1.15,1.1364,0.6247,1.0322,0.6351,0.6401,0.6062,-0.2427,0.6341,0.3654,1.0219,0.659,0.3756,-1.3327,0.6262,0.5035,-0.7811,0.6073,0.4136,-0.0984,0.6049,0.4207,2.3477,0.6614,0.8707,5.4379,0.7953,1.5006,-0.9433,0.7708,0.9786,-2.1348,0.7159,0.5662,2.0559,0.7677,1.1155,-2.2297,0.7104,0.8542,-0.6763,0.6934,0.4336,0.6017,0.7084,0.4837,-3.5574,0.6191,0.617,3.199,0.6966,1.0549,6.6899,0.8637,1.6068,3.7207,0.9629,1.674,-1.6864,0.9162,1.2563,-1.7154,0.8696,0.9033,-2.1003,0.8135,1.1962,-3.2482,0.7286,1.3931,1.218,0.7594,0.683,0.54,0.7732,1.1177,0.0921,0.7756,0.7363,-1.625,0.7337,0.7456,0.5143,0.7467,0.7669,-1.1473,0.7175,0.537,-4.4385,0.6057,1.2176,-2.2485,0.5516,1.3191,0.5037,0.5634,1.2485,0.8854,0.5844,1.7753,-2.1361,0.5334,1.2545,2.0981,0.5824,1.6733,-1.2927,0.5516,1.8569,2.0484,0.5998,1.9292,-3.2741,0.5211,2.5152,-1.837,0.4785,1.5404,-3.5176,0.3983,1.3751,1.9217,0.4405,1.016,1.4626,0.4733,0.8124,0.4689,0.484,0.556,1.7286,0.5235,0.7222,1.2065,0.5516,0.8245,-4.1807,0.4532,1.1731,-0.1752,0.4492,2.1859,1.0005,0.4718,0.8705,2.7459,0.5342,0.8341,-0.6089,0.52,0.6886,2.2294,0.5717,0.5253,2.0976,0.6215,0.7049,-0.6196,0.6065,0.5516,-6.5135,0.4496,1.2852,-3.8435,0.3631,1.1563,-1.7156,0.326,1.4408,-1.5227,0.2936,1.3547,1.3766,0.3224,3.3738,0.4278,0.3315,0.7918,3.1858,0.3994,0.7467,-0.2154,0.3947,0.7027,1.601,0.4299,0.5522,0.1062,0.4322,0.7096,2.4761,0.4876,0.7818,2.6407,0.548,1.1996,4.372,0.6507,1.051,-2.2072,0.5966,1.0785,-0.1977,0.5919,0.5797,-3.5655,0.5065,0.7858,1.0613,0.531,0.527,-4.5562,0.4247,0.6222,0.2307,0.4299,0.954,3.5765,0.5097,0.7101,2.5299,0.5682,0.7026,2.9343,0.6377,0.9812,2.3162,0.6942,0.9083,-1.0448,0.6681,0.6144,0.4959,0.6804,0.6305,8.596,0.8937,1.5343,-4.6467,0.7685,1.0416,1.691,0.8119,1.0173,1.3454,0.8471,0.8009,0.0746,0.8491,0.5771,-2.2805,0.7886,0.6566,0.8542,0.8107,0.5852,5.1875,0.9463,1.2681,0.8339,0.9692,1.4604,1.1122,1.0,0.743,-3.6102,0.8989,1.0504,-0.6584,0.8811,0.9718,-3.5493,0.7859,1.4313,1.1299,0.8151,0.7839,-2.2195,0.757,0.839,2.0383,0.8092,0.6401,-1.9068,0.7594,0.7804,1.7124,0.8032,0.9666,-3.261,0.7183,0.9908,0.047,0.7195,0.6357,-0.8776,0.6974,0.5215,0.4269,0.708,0.7183,0.4251,0.7187,0.7592,1.3795,0.7535,0.6029,1.3608,0.7882,0.473,1.0984,0.8167,0.5985,0.2263,0.8226,0.6404,-1.7916,0.7756,0.8521,1.6097,0.8171,0.409,0.1056,0.8198,0.696,28.6532,-9.1817,14.9481,13.5996,-24.1298,55.2964,0.67,0.9357,2.0241,0.0274,1.0142,1.0491,0,0,0,0,0,0,0,0,0,0,0,0,0,1,0,HCC,2024-05-31,0,68.43
0.0,0.6246,1.1732,-6.1963,0.5072,1.035,-1.662,0.4777,0.8345,-0.52,0.4686,0.6416,-1.895,0.4356,0.9775,0.1332,0.4379,1.9773,-17.561,0.1379,4.1931,3.0124,0.1803,1.2356,-2.4804,0.1443,0.798,-5.7028,0.0636,1.0235,-4.77,0.0,0.8545,4.7704,0.0606,0.8876,-4.3256,0.003,0.5681,4.5211,0.0606,0.8193,8.082,0.1682,0.6718,2.2643,0.2008,0.5238,7.8785,0.3167,0.6871,-4.9045,0.2388,0.5302,-1.7945,0.2117,0.4167,5.6223,0.2951,0.5484,-1.8631,0.2659,0.6005,2.3176,0.3015,0.8886,4.0964,0.3659,0.451,-1.5972,0.3398,0.969,2.6582,0.3826,0.9353,-0.0917,0.3811,1.0035,-1.8578,0.3504,0.6091,0.1402,0.3527,0.4922,4.294,0.4223,0.5819,-0.1343,0.4201,0.5318,1.9494,0.453,0.5712,2.2198,0.4913,0.8443,0.1505,0.4939,0.7014,-2.0824,0.4572,1.1601,-2.3679,0.4163,1.1105,-0.1347,0.414,0.9158,0.3148,0.4193,1.2401,-4.7747,0.3386,1.1421,3.5311,0.3955,1.8989,3.9336,0.461,0.9247,4.6161,0.5409,1.1925,7.2773,0.6727,1.399,0.7212,0.6867,1.7726,0.8709,0.7038,1.1011,-2.8972,0.6466,0.777,-0.2569,0.6417,0.8469,-3.3875,0.5769,1.1298,6.6229,0.6992,0.9472,1.25,0.7239,1.2456,4.3115,0.8098,2.5478,0.965,0.8299,2.0598,-1.2624,0.8034,1.1442,-0.0913,0.8015,0.6273,-0.713,0.7867,0.7308,-0.6997,0.7723,1.2399,-1.7801,0.736,0.64,1.2837,0.7617,0.9718,-2.1622,0.7178,1.8368,0.2286,0.7223,1.2065,0.8554,0.7394,0.7685,-0.8858,0.7216,0.4645,-2.9854,0.6621,0.5321,-0.5292,0.6519,1.0375,-0.2956,0.6462,0.437,1.3043,0.6712,0.603,-1.8143,0.636,0.9023,0.7948,0.6511,0.9024,-2.9568,0.5943,1.031,12.5736,0.8288,3.4409,-5.5936,0.7114,2.3619,0.0765,0.7129,0.6455,0.2674,0.7182,1.1774,2.8571,0.775,2.9024,-5.9815,0.6527,1.155,3.2893,0.7159,0.9033,-2.9176,0.658,0.5823,2.4357,0.7049,0.8936,-2.3969,0.6576,0.7774,-1.5521,0.6277,0.563,-7.1044,0.4928,1.5385,-0.4511,0.4848,0.9856,1.5969,0.5129,0.67,-0.446,0.5049,0.5583,0.7681,0.5186,0.4044,-0.7199,0.5057,0.3712,2.5165,0.5504,0.2556,-0.9777,0.5326,0.4246,-4.916,0.4439,0.6269,-2.4083,0.4027,0.7686,-0.5886,0.3928,0.9549,3.3478,0.4485,0.6309,-2.2477,0.4098,0.534,0.3607,0.4159,0.9161,3.4591,0.4742,1.0134,3.5606,0.5364,0.9157,-1.4465,0.5102,0.925,0.7871,0.5242,0.6888,-3.2292,0.4663,0.846,-1.265,0.4443,1.4899,-0.729,0.4318,1.3808,-2.4477,0.3902,5.4843,-0.6615,0.3792,0.7423,-0.2755,0.3746,0.7576,-1.4967,0.35,0.6836,0.2104,0.3534,0.7272,-0.9331,0.3383,0.7619,-0.9654,0.3227,0.7034,1.4028,0.3451,0.6,2.9777,0.3932,0.8265,-0.6375,0.3826,0.7434,1.4895,0.4072,1.3558,2.5062,0.4492,0.7112,4.6035,0.5284,0.7391,2.0636,0.5655,0.875,-0.7221,0.5523,0.7616,-1.6833,0.5216,0.7686,-0.0211,0.5212,0.7731,0.7611,0.5348,0.686,-2.1402,0.4962,0.6313,2.1226,0.5337,1.0061,7.2223,0.664,1.836,-3.1525,0.603,1.0694,3.5382,0.6693,0.9444,-1.9918,0.6307,1.0292,-2.6499,0.5803,0.8873,2.6811,0.6299,1.1793,2.7307,0.6818,0.8713,0.291,0.6875,0.8251,-0.4837,0.678,0.7373,0.5054,0.6879,0.6022,1.3153,0.7136,0.8408,-0.7255,0.6992,1.1637,13.9615,0.9742,3.172,-1.2994,0.9451,1.9705,2.4791,1.0,1.75,-1.8185,0.9587,1.3645,-2.9567,0.8928,0.8893,2.6966,0.9511,1.3539,-2.6769,0.8917,0.6707,2.8556,0.9534,0.9997,-3.117,0.8841,1.2244,2.9712,0.9481,1.1763,-4.2172,0.8545,1.7689,-0.82,0.8371,0.525,0.7549,0.853,0.6071,1.6946,0.889,0.4184,0.4736,0.8992,0.432,1.1697,0.9246,0.5402,-0.7765,0.9076,0.4425,1.0261,0.9299,0.1557,46.0192,8.8153,31.0334,28.2061,-22.2181,59.5474,0.6146,0.9691,1.7529,0.0457,1.016,1.1379,0,0,0,0,0,0,0,0,0,0,0,0,0,1,0,HRMY,2022-11-30,0,59.77
0.0,0.6947,0.4096,-3.2973,0.6235,0.8005,-0.702,0.6089,0.665,0.7214,0.6238,0.4794,-6.489,0.4885,1.0284,-1.6391,0.4565,0.7113,-1.9,0.4201,1.0625,-3.7784,0.349,0.8648,5.0157,0.4398,1.271,-0.2514,0.435,0.5762,4.8354,0.5267,1.4622,-5.8594,0.4102,1.3775,-10.3415,0.2166,1.8449,-12.282,0.0105,1.9892,8.6039,0.1371,1.7033,-8.5762,0.0,1.5677,4.0875,0.0598,1.4638,10.701,0.2226,1.0105,0.6385,0.2333,0.5737,4.4061,0.308,0.7641,-7.208,0.1805,0.9086,3.5656,0.239,0.6507,3.7063,0.3021,0.7775,-2.185,0.2635,0.4857,-6.7359,0.1473,1.1897,2.7107,0.1909,0.5177,1.645,0.2181,0.5709,7.167,0.3385,1.0246,-2.2901,0.2973,0.9333,-1.2568,0.2752,1.172,3.0444,0.3281,0.5686,3.4051,0.389,0.6416,0.1614,0.392,0.8081,1.5794,0.4213,1.087,2.8716,0.4754,1.0307,-4.7347,0.3836,0.5443,-9.5354,0.2076,1.0224,-8.6972,0.0624,1.6497,-1.0976,0.0457,1.1242,5.7075,0.1318,0.973,-4.0307,0.0675,1.0634,8.4196,0.1963,3.5611,10.018,0.3624,1.6631,6.813,0.4867,2.4779,4.1858,0.5683,1.0948,0.8389,0.5853,0.9846,-0.6276,0.5725,0.7405,-4.7584,0.4756,0.8091,-0.293,0.47,0.4828,1.5466,0.4999,0.8777,2.7566,0.5539,0.8945,5.7507,0.6699,1.4167,4.7372,0.7708,1.4166,-3.2383,0.6985,1.3965,1.0787,0.7218,0.9598,-3.5573,0.6442,0.4458,0.8796,0.6627,0.7021,2.925,0.7248,0.6355,-2.0085,0.6809,0.6116,0.976,0.7018,0.469,-3.6592,0.6226,0.519,4.3572,0.7135,0.5268,1.2086,0.7398,1.2244,-3.3112,0.6669,0.6155,-1.7684,0.6292,0.6972,2.6432,0.6845,0.5278,0.348,0.692,0.6568,3.0101,0.7568,0.6389,-1.387,0.726,0.4135,-0.8876,0.7066,0.4563,-3.8716,0.6226,0.9899,3.2105,0.6896,0.7735,2.4163,0.7416,1.1332,6.4949,0.8847,1.7557,4.52,0.9907,2.6571,0.3776,1.0,1.6968,-5.5825,0.8626,0.9929,-1.6324,0.8246,1.6916,-4.0507,0.732,1.3053,7.994,0.9074,1.8049,-2.1942,0.8554,0.5519,-2.0113,0.8088,0.7094,-2.7237,0.7469,0.6858,0.6493,0.7613,0.79,2.4997,0.8169,0.8967,-5.2314,0.6976,0.8079,5.617,0.8189,0.6443,0.6157,0.833,0.6891,-4.8561,0.7215,0.5607,-3.7767,0.6391,0.9356,-0.0569,0.6379,1.0471,-1.3233,0.6101,1.3303,1.0959,0.6328,1.0874,1.0555,0.6549,0.9953,-0.1835,0.651,1.3567,-8.3003,0.4756,1.5705,4.9653,0.5719,1.474,4.6717,0.6669,0.9513,-0.5754,0.6546,0.5837,0.974,0.6752,0.5725,-4.1661,0.5862,1.0244,2.9613,0.6468,1.0359,1.006,0.6681,0.4913,-3.8855,0.5853,1.1168,0.9048,0.6038,0.9597,1.6199,0.6373,0.6205,-1.4233,0.6074,1.8463,1.9925,0.6486,0.9949,-4.1761,0.5605,1.7993,0.0295,0.5611,1.2015,2.1267,0.6041,1.0916,2.5307,0.6564,1.4075,-0.4795,0.6463,1.5723,-1.2188,0.6206,1.8127,-0.5308,0.6095,0.8941,2.7405,0.6663,1.2157,-1.9655,0.6244,0.5529,0.1862,0.6283,0.7395,-5.4174,0.5151,0.74,-4.5791,0.4246,0.9249,1.3462,0.45,0.922,3.6256,0.5193,0.561,3.6948,0.5925,0.5907,-3.9994,0.5103,0.5052,3.8782,0.5868,0.6521,1.1667,0.6107,0.4288,-1.8596,0.5722,0.8465,1.087,0.5943,0.6147,1.3514,0.622,0.9751,-2.0215,0.5799,0.5731,6.8335,0.7195,1.6389,1.9997,0.7631,1.9664,1.5442,0.7974,0.872,2.8564,0.862,0.9328,-1.6457,0.8237,0.8288,0.5359,0.836,0.6643,-3.8096,0.7484,0.7062,-1.149,0.723,0.5156,0.1094,0.7254,1.114,6.6111,0.87,1.1456,1.0634,0.8948,1.6772,-5.9457,0.7547,1.2153,4.4615,0.8536,1.9862,-1.1097,0.8279,1.2423,0.7829,0.8458,0.9549,-0.0388,0.8449,0.7427,-1.8132,0.8031,0.5859,1.174,0.8297,0.5398,0.8735,0.8497,0.6417,-0.5687,0.8366,0.4172,37.3392,-1.2428,7.7954,19.0693,-9.0382,55.9399,0.6256,0.8718,1.9324,0.0488,1.0115,1.0736,0,0,0,0,0,0,0,0,0,0,0,0,0,1,0,KRYS,2022-11-25,0,78.72
0.0,0.2656,1.165,1.7564,0.3157,1.5337,-1.0849,0.2842,2.1387,11.7412,0.621,3.0482,1.6732,0.6747,1.4955,1.5798,0.7261,0.8559,8.273,1.0,2.3716,-4.3491,0.8441,2.5562,1.0011,0.8784,0.8324,0.9499,0.9113,0.8499,-1.0433,0.8749,0.8188,-4.6718,0.7133,4.474,-3.1877,0.6082,2.2269,-1.8479,0.5492,1.139,-1.2894,0.5088,0.5864,-0.5317,0.4923,0.7761,0.9529,0.5216,0.5801,-1.1166,0.487,0.4428,0.454,0.5009,0.7182,-1.4718,0.4555,0.8468,-0.247,0.448,1.9929,-1.0494,0.4162,2.9051,0.8937,0.443,0.5177,-0.5551,0.4262,0.5318,1.342,0.4666,0.4918,0.0938,0.4694,6.1278,0.1639,0.4744,3.4553,-0.152,0.4698,4.0935,-9.4357,0.1816,0.9456,3.5548,0.2799,0.7452,0.2621,0.2875,0.3857,2.8884,0.3704,0.3314,-1.1375,0.3368,0.499,-0.4406,0.3239,0.2309,-2.1392,0.2617,0.3596,-3.1156,0.173,0.7222,-0.5705,0.1573,0.4827,0.0261,0.158,0.9922,-1.1213,0.1273,0.2932,0.5011,0.1409,0.1057,0.5642,0.1562,0.4245,-1.3568,0.1191,0.2414,-1.8119,0.0701,0.2022,0.1616,0.0744,0.2946,1.4793,0.1137,0.3998,2.2263,0.1738,0.6319,-1.9575,0.1198,0.2379,-0.6876,0.1012,0.2766,0.7189,0.1205,0.4361,-3.8599,0.0161,0.6224,0.9487,0.0408,0.4906,1.8251,0.0887,0.8614,0.6554,0.1062,0.7991,-0.093,0.1037,0.6769,0.4655,0.1162,2.4628,0.9135,0.1409,2.247,0.4723,0.1537,2.172,2.9381,0.2342,1.3354,2.1819,0.2957,1.1114,0.2731,0.3035,0.5374,-0.5695,0.2871,0.6566,-1.3572,0.2481,0.7726,-6.6397,0.0601,1.3698,2.7988,0.1341,1.2912,-0.8286,0.1115,0.6957,-0.252,0.1048,0.85,1.5556,0.1466,0.975,2.3174,0.2099,0.6539,-1.5867,0.1655,1.0933,-0.6631,0.1473,0.7667,2.0026,0.202,0.4243,0.8726,0.2263,0.4992,2.2516,0.2896,0.3744,0.4728,0.3032,0.3709,0.0867,0.3057,0.7335,-0.3711,0.295,0.4925,0.0745,0.2971,0.6343,-0.2606,0.2896,0.6106,1.2068,0.3243,0.8051,-2.0774,0.2639,1.0023,-1.1424,0.2313,1.0926,2.1206,0.291,1.1448,1.3803,0.3307,1.1694,2.4654,0.4026,1.5691,-0.5865,0.3851,1.4139,3.6845,0.4945,1.2209,0.9523,0.5238,1.8947,-0.4141,0.5109,1.0247,-2.6453,0.429,2.4163,-3.7019,0.3175,1.827,-1.4786,0.2746,1.1787,-1.0755,0.2438,0.9514,2.5411,0.3157,0.5541,0.6658,0.335,1.1108,-0.4654,0.3214,0.6971,-0.5906,0.3043,0.5575,2.785,0.3847,0.7959,0.4576,0.3983,1.4235,1.1148,0.4315,0.9126,2.0036,0.492,0.6898,2.7778,0.5774,0.925,-0.6672,0.5563,0.5936,-3.1876,0.4562,0.6019,-0.047,0.4548,1.5194,-0.2,0.4487,1.4083,2.3223,0.5191,1.0863,-3.7327,0.4033,2.0784,-8.9277,0.1366,2.3752,-1.8397,0.0865,3.0514,-3.2396,0.0,1.5036,8.5639,0.2213,3.3499,-3.6702,0.1183,0.8761,-0.0265,0.1176,0.5486,2.1834,0.1766,0.8138,1.4245,0.2159,1.0539,-3.6261,0.1144,0.4129,2.4112,0.1795,0.4874,-4.6701,0.0504,0.6181,2.6869,0.1212,0.7335,2.273,0.1827,0.5905,-1.15,0.1509,0.7266,11.1895,0.4569,2.9256,0.9875,0.487,1.3363,2.3166,0.5581,0.6436,1.3198,0.5996,0.802,-1.5272,0.5509,0.6255,0.4105,0.5638,0.4786,2.6689,0.6478,0.7969,2.0907,0.7154,1.0409,0.0,0.7154,0.933,0.1625,0.7208,0.708,-0.5625,0.7022,0.6424,0.3481,0.7136,0.7901,2.4284,0.7937,1.4983,0.7303,0.8184,1.1076,1.1348,0.857,1.5617,4.1039,0.9982,5.8091,-2.1058,0.9228,2.6585,0.9481,0.956,1.4624,-1.7572,0.8938,0.9224,-1.4083,0.8448,0.7151,-0.5943,0.8245,0.9206,0.7552,0.8502,1.0752,-0.3644,0.8377,0.6924,-2.8942,0.7386,0.5383,-0.043,0.7372,0.8963,0.0646,0.7394,1.008,-0.6024,0.7193,0.9316,-0.4978,0.7029,0.6522,0.2175,0.71,0.6213,26.1401,-4.5673,0.6648,11.8417,-5.2321,50.5175,0.2339,0.9191,1.848,0.0271,0.9723,1.0567,0,0,0,0,0,0,0,0,0,0,0,0,1,0,0,LBRDA,2025-06-10,0,95.48
0.0,0.2476,1.0421,1.5174,0.2913,1.0578,-0.9802,0.2626,1.6167,11.2348,0.588,2.7608,2.0022,0.6525,1.7945,1.7012,0.7083,1.4905,8.7283,1.0,2.395,-4.359,0.8416,1.4772,0.8558,0.8714,1.3122,0.6646,0.8947,1.337,-0.8531,0.8646,1.2626,-5.0502,0.6879,4.5169,-3.2042,0.5815,2.634,-1.5604,0.5314,1.0216,-1.2115,0.493,1.3398,-0.7221,0.4704,0.8928,1.0852,0.5041,0.4718,-1.222,0.4658,0.4463,0.4972,0.4812,0.6255,-1.4036,0.4375,0.7583,-0.4434,0.4239,0.7212,-1.1017,0.3902,0.6932,0.9007,0.4174,0.3514,-0.6225,0.3984,0.8944,1.4183,0.4414,0.6212,0.641,0.4611,0.6491,0.1332,0.4652,0.35,0.0289,0.4661,1.0095,-9.5145,0.1713,0.966,3.3474,0.2651,0.8895,0.6676,0.2845,0.5559,2.3087,0.3518,0.5233,-1.1163,0.3185,0.7123,-0.4856,0.3042,0.8993,-1.8785,0.249,1.1903,-3.2819,0.1544,0.874,-0.4884,0.1408,1.1011,0.1033,0.1437,1.1506,-1.4452,0.1035,0.8622,0.6023,0.12,0.2689,-0.026,0.1193,0.7596,-1.1195,0.0885,0.5613,-1.6324,0.0441,0.4845,0.0535,0.0455,0.4311,1.6319,0.0892,0.4324,2.1321,0.1473,0.8505,-2.049,0.0903,0.3961,-0.6315,0.0731,0.8602,1.0195,0.1007,1.8955,-3.6828,0.0,0.5098,1.0069,0.0265,0.5038,1.7109,0.072,0.9188,0.5563,0.0871,0.8334,-0.0922,0.0846,2.9282,0.857,0.1078,0.6383,0.3399,0.1172,2.1904,0.7426,0.1376,0.9041,2.6768,0.2118,1.3324,2.2544,0.2759,0.5977,0.1601,0.2805,0.7235,-0.6886,0.2605,0.48,-1.2259,0.225,0.7093,-6.4686,0.0401,2.4512,2.7476,0.1136,2.0724,-0.7696,0.0924,0.6713,-0.2498,0.0856,0.6604,1.6473,0.1304,0.7111,2.3856,0.1963,0.4999,-1.5829,0.1516,0.5963,-0.7849,0.1297,1.5138,1.8415,0.1806,0.4333,1.1843,0.2139,1.5659,2.0136,0.2712,0.4135,0.6415,0.2899,0.3465,0.0245,0.2906,0.8487,-0.3186,0.2813,0.6576,0.2213,0.2877,0.9621,-0.1963,0.282,0.6194,1.2291,0.3178,1.1402,-2.2827,0.2504,1.1149,-1.2301,0.215,1.2507,2.1638,0.2766,2.0849,1.2929,0.3142,1.2303,2.5164,0.3884,1.5194,-0.5573,0.3716,1.3959,3.2197,0.4683,1.4605,0.9589,0.498,0.9761,-0.2975,0.4887,0.9519,-2.9726,0.3959,1.9797,-3.9744,0.2755,1.1065,-1.121,0.2429,0.6929,-1.47,0.2006,0.875,2.8954,0.2827,0.614,1.1428,0.316,0.7397,-0.4374,0.3031,1.2288,-0.6711,0.2834,0.732,2.629,0.3601,0.7187,0.1796,0.3655,0.8603,1.3383,0.4056,1.0442,1.7687,0.4593,0.6221,2.6996,0.5428,0.721,-0.5866,0.5242,0.7334,-3.3931,0.4171,0.6094,-0.094,0.4142,1.4689,0.5644,0.4314,0.7367,2.3851,0.5045,1.2635,-3.4829,0.3952,1.0218,-8.779,0.1293,1.3982,-1.323,0.0928,1.5109,-3.194,0.0057,1.1101,8.3096,0.225,1.385,-3.4976,0.125,0.6552,-0.1819,0.12,0.4347,1.874,0.1716,0.5331,0.9198,0.1974,0.4959,-3.038,0.1114,0.5161,2.1149,0.1695,0.8447,-4.5001,0.0434,0.7496,2.7711,0.1175,0.6291,2.0581,0.1741,2.2722,-1.2636,0.1387,0.7872,11.4659,0.4565,1.4777,0.8118,0.4815,1.3337,2.3812,0.5557,1.4584,1.5618,0.6055,0.9411,-1.582,0.5543,1.0657,0.6632,0.5754,0.7758,2.4902,0.6553,1.11,1.9176,0.7184,0.9656,-0.1176,0.7144,0.98,0.182,0.7205,0.7164,-0.6731,0.698,0.8342,0.4948,0.7144,1.4324,1.948,0.7796,1.0791,0.9239,0.8112,0.6767,1.2275,0.8535,0.6353,4.09,0.9961,4.0117,-2.1819,0.9169,2.3611,1.2616,0.9617,1.0516,-1.9835,0.8904,1.4332,-1.4338,0.8398,0.7798,-0.7944,0.8123,0.8713,0.4992,0.8295,1.8251,-0.3001,0.8191,0.9758,-2.8334,0.7212,1.0267,0.1923,0.7277,1.5306,-0.1919,0.7212,0.9409,-0.4166,0.7073,1.6818,-0.6972,0.684,0.9147,0.4645,0.6994,1.1462,26.4388,-4.8865,1.2008,12.0657,-6.0873,50.3844,0.2373,0.9173,1.8669,0.0281,0.9721,1.0551,0,0,0,0,0,0,0,0,0,0,0,0,1,0,0,LBRDK,2025-06-10,0,96.43
0.0,0.0,2.0668,8.1731,0.2153,2.1813,-0.8889,0.19,0.7865,-1.057,0.1601,0.5297,1.1331,0.1918,2.3924,7.5384,0.4048,3.6362,-2.3367,0.3338,3.4104,-1.2039,0.2981,0.8959,0.0463,0.2994,1.955,3.3996,0.3991,0.9717,1.4687,0.4437,0.5395,1.205,0.4808,0.3059,3.5429,0.5911,0.6923,0.8414,0.6183,0.3647,0.5284,0.6355,0.5951,-0.0138,0.635,1.0259,1.2313,0.6753,0.684,-0.205,0.6685,0.429,0.3287,0.6793,0.9528,-0.0819,0.6766,1.0176,0.1366,0.6811,0.8481,-0.8595,0.6526,0.7597,0.3303,0.6635,0.5324,-1.9888,0.5979,0.6949,-0.8396,0.5708,0.7574,-0.0282,0.5699,0.3725,0.7199,0.5929,0.3633,-1.1633,0.5554,0.5589,1.7584,0.6115,0.9103,-0.5713,0.5929,0.8293,-5.2137,0.4247,0.8558,-0.2662,0.4166,1.1224,2.298,0.4867,1.5617,0.0435,0.488,0.9171,0.3622,0.4993,0.1821,0.1155,0.5029,0.7789,-0.519,0.4867,0.5771,-0.2609,0.4785,0.4585,-1.1043,0.4441,0.5255,0.2645,0.4523,0.9323,-0.2931,0.4432,0.5495,-1.4256,0.3994,1.7285,0.4324,0.4125,1.7663,0.2078,0.4188,0.9069,-1.5111,0.3727,1.117,1.5343,0.4188,1.1736,1.5111,0.4649,0.8278,0.8027,0.4898,0.6745,1.0859,0.5237,0.9893,0.6732,0.545,0.6448,2.6604,0.6296,0.5597,-1.1086,0.5934,0.587,-0.028,0.5925,0.8245,0.9532,0.6232,0.5336,-0.9303,0.5929,0.7408,1.7379,0.649,1.1607,0.6199,0.6694,0.7558,0.2054,0.6762,0.6329,0.5465,0.6943,1.0387,0.462,0.7096,0.7237,2.0966,0.7797,1.1014,0.7419,0.8051,1.1335,0.0132,0.8055,0.7756,-0.6575,0.7829,1.011,0.6353,0.8046,1.1482,0.6313,0.8263,1.2037,2.2742,0.905,0.5825,1.738,0.9665,0.9975,0.9295,1.0,0.6086,-0.0249,0.9991,0.7975,-0.5104,0.9806,1.2328,-1.5516,0.9245,0.823,-1.3981,0.8747,1.1585,3.5576,0.9995,1.5703,-6.0742,0.7788,1.9947,-1.789,0.7178,1.2845,-2.3209,0.64,1.2978,1.3538,0.6843,0.871,-0.6133,0.664,1.3071,-2.1256,0.5938,1.9283,-0.0981,0.5907,2.3553,-3.6325,0.4735,1.832,-2.6197,0.3921,2.3288,-2.1073,0.3284,2.9247,1.0687,0.36,3.5295,0.9366,0.3881,2.4455,-6.0311,0.2058,2.7841,3.456,0.3039,1.4642,1.6703,0.353,0.8691,-2.309,0.284,0.5007,4.4947,0.4152,1.2253,-0.534,0.3989,1.4752,-1.1631,0.3636,1.2891,3.7115,0.4749,1.2511,0.5237,0.4912,0.8227,0.0724,0.4934,0.8839,-0.1302,0.4894,1.2549,-3.1277,0.3917,1.1408,1.8535,0.4478,2.4069,2.7737,0.5332,1.0948,2.1562,0.6015,0.5983,-6.9611,0.3763,0.754,-3.3053,0.2768,0.7747,-1.3828,0.2365,1.8671,-1.5598,0.1918,1.9547,11.9558,0.5296,0.725,-2.9736,0.4355,0.5693,0.1179,0.4392,0.3378,0.103,0.4423,0.2647,0.8821,0.4695,0.2309,-2.39,0.3953,0.2958,2.3888,0.4677,0.4247,-4.4182,0.3306,0.35,3.585,0.4369,1.8985,4.3152,0.5694,0.9666,1.0024,0.6015,0.3856,1.2441,0.6418,0.2598,0.3728,0.654,0.3723,-0.3714,0.6418,0.3248,-1.2702,0.6002,0.5922,-0.7831,0.5749,0.3556,3.2981,0.6807,0.6882,1.6783,0.7363,0.7054,-1.1809,0.6965,0.4348,0.8419,0.7246,0.6429,0.4713,0.7404,0.9107,0.6299,0.7616,0.5496,1.8247,0.8236,1.6015,1.2819,0.8679,0.8264,-1.0074,0.8327,0.7569,1.9178,0.8991,0.6757,0.8577,0.9294,1.3669,-0.0381,0.9281,0.6851,-1.6379,0.8697,0.5854,-1.3295,0.8232,1.16,0.0916,0.8263,1.2143,0.4705,0.8426,0.8087,-1.6261,0.7861,2.7855,-2.3076,0.7071,2.2896,-1.6447,0.6522,1.1167,0.3991,0.6653,1.4715,0.9047,0.6952,1.0688,0.4755,0.711,1.789,2.1633,0.7834,0.9939,2.3293,0.863,0.6499,0.4268,0.8779,1.001,-2.2666,0.7983,0.8458,0.1186,0.8024,0.9048,-0.3948,0.7888,0.4215,-0.806,0.7612,0.4053,37.1758,-7.5153,-1.1993,15.2456,-6.316,50.5386,0.3784,0.9343,2.1759,0.0255,0.9886,1.0321,0,0,0,0,0,0,0,0,0,0,0,0,0,0,1,LLYVK,2025-06-17,0,77.57
0.0,0.6906,0.4977,1.2952,0.7332,0.5203,-2.0188,0.6659,0.5587,0.0,0.6659,0.527,-1.3736,0.6211,0.8509,-0.9749,0.5897,0.4825,2.9536,0.6839,0.5702,-0.5464,0.6659,0.4078,5.2198,0.8363,1.8856,-5.2219,0.657,1.773,3.168,0.7601,0.8813,-0.267,0.7511,0.6745,1.071,0.787,0.9642,-0.6623,0.7646,1.1249,0.2667,0.7735,0.8798,1.0638,0.8094,0.5884,4.4737,0.9619,1.9348,-14.4207,0.4484,3.1972,-0.3679,0.4372,1.3916,1.7725,0.491,1.5816,-4.6444,0.3475,1.486,1.8265,0.4013,1.0052,-3.5874,0.2937,2.1273,3.6434,0.3991,0.8119,2.0942,0.4619,0.4298,-0.0733,0.4596,0.5622,-1.5396,0.4126,0.5411,0.7446,0.435,0.4355,-0.3695,0.4238,0.5109,0.6677,0.4439,0.8847,0.958,0.4731,0.438,-0.073,0.4709,0.488,1.7531,0.5247,0.6728,1.364,0.5673,0.7683,-8.2861,0.3049,0.8662,-0.7722,0.2825,0.6929,-0.7782,0.2601,0.548,2.7451,0.3386,0.8217,-0.0763,0.3363,0.6883,0.382,0.3475,0.8264,-3.1202,0.2556,0.9571,0.707,0.2758,0.8033,3.5881,0.3789,0.7944,-1.2801,0.3408,0.7763,0.2288,0.3475,0.8476,-2.5875,0.2713,0.9097,0.2344,0.278,0.7733,-2.8059,0.1973,1.617,-4.6512,0.0673,1.2218,4.3734,0.1839,2.3017,2.498,0.2534,2.337,-0.2358,0.2466,1.3601,2.2853,0.3117,1.3128,2.0031,0.37,1.3549,-5.3625,0.2108,1.6071,-2.7933,0.1323,0.9713,1.7241,0.1794,0.8713,0.9685,0.2063,0.6692,-1.1191,0.1749,0.6096,1.7785,0.2242,0.7276,-1.0326,0.1951,0.4916,-0.8026,0.1726,0.4727,0.0809,0.1749,0.726,-0.485,0.1614,0.8154,3.2494,0.2511,2.5468,5.2714,0.4013,3.7298,-2.3916,0.3296,1.5359,-1.9908,0.2713,0.7365,-1.0547,0.241,0.528,-3.6715,0.1368,0.7125,-0.7377,0.1166,0.5424,-4.294,0.0,0.9659,1.1217,0.0291,0.7221,-0.7679,0.009,0.5402,1.7197,0.0538,0.6557,2.0287,0.1076,0.4134,-1.9056,0.0561,0.6371,1.6047,0.0987,0.5831,2.9925,0.1794,0.6839,-0.2421,0.1726,0.6599,0.5663,0.1883,0.63,-2.0113,0.1323,1.0225,1.2315,0.1659,0.6935,-2.352,0.1009,0.5512,-0.7475,0.0807,1.4175,0.0837,0.083,1.3438,1.9231,0.1345,1.1212,3.2814,0.2242,1.4746,4.0508,0.3386,1.8924,-5.7252,0.1704,21.5405,-2.1862,0.1099,0.8234,0.2483,0.1166,0.7354,1.7341,0.1637,0.4647,1.2175,0.1973,0.5711,0.7217,0.2175,1.0902,2.9459,0.3004,0.3353,-6.4192,0.1143,0.5699,-1.6529,0.0695,0.4753,0.7563,0.0897,0.4014,1.0008,0.1166,0.3161,1.8167,0.1659,0.4957,0.9732,0.1928,0.3096,-0.1606,0.1883,0.2686,-2.2928,0.1244,0.4818,2.429,0.1906,0.3205,1.045,0.2197,0.3249,-0.3182,0.2108,0.3388,0.0,0.2108,0.3706,-1.5164,0.1682,0.3062,0.2431,0.1749,0.3582,2.3444,0.2399,0.6527,2.1327,0.3004,0.884,-0.3867,0.2892,0.9456,-0.6988,0.2691,0.729,-1.4855,0.2265,1.1279,0.7937,0.2489,0.8305,-1.3386,0.2108,0.7467,-0.399,0.1996,0.7599,-1.0417,0.1704,0.8212,-1.8623,0.1188,1.1745,0.9901,0.1457,0.918,2.2876,0.2085,1.3943,1.3578,0.2466,1.0499,0.788,0.2691,1.139,0.86,0.2937,1.2171,-0.3101,0.2848,1.0277,-0.7776,0.2623,3.737,19.6708,0.8251,8.1764,5.1081,1.0,4.7786,-0.6854,0.9753,2.6434,-0.3764,0.9619,1.0508,-1.4484,0.9103,1.0003,-1.853,0.8453,1.2525,0.3906,0.8587,0.3963,3.2425,0.9709,0.5343,-0.691,0.9462,0.6032,-0.8223,0.917,0.8428,0.4464,0.9327,0.6208,0.8889,0.9641,0.6262,-0.8811,0.9327,0.9389,-3.8095,0.7982,0.5701,-0.33,0.787,0.465,-0.4636,0.7713,0.4516,1.7299,0.8296,0.5235,-1.9621,0.7623,0.3823,-1.8679,0.6996,0.7232,1.4956,0.7489,0.2821,-1.7415,0.6906,1.2728,1.7042,0.7466,0.5538,2.9491,0.8453,0.7477,26.0597,-1.4372,24.3052,-3.1977,-25.7424,58.5357,0.4981,0.957,2.1634,0.0351,0.9998,1.1075,0,0,0,0,0,0,0,0,0,0,0,0,0,0,1,LYTS,2023-09-22,1,15.35
0.0,0.0645,0.8953,-3.6994,0.0,0.8064,1.7485,0.0294,0.9586,2.6407,0.0745,1.2537,-0.544,0.065,1.0876,3.1797,0.1204,0.6906,0.4857,0.1292,1.0668,0.0579,0.1302,2.3396,28.0106,0.6372,4.7579,3.2607,0.7127,1.2459,-0.2445,0.7069,1.2007,-4.9172,0.5895,0.9257,1.6578,0.6271,0.6769,-0.0427,0.6262,0.5321,1.9439,0.671,0.4583,0.605,0.6852,0.7121,-2.4759,0.6266,0.9696,2.8858,0.6932,0.559,-1.4271,0.6593,0.6845,-0.0316,0.6586,0.7431,-1.7958,0.6166,0.8471,4.1291,0.7114,1.3929,0.4197,0.7215,1.4197,-2.5667,0.6598,0.6848,2.2001,0.7113,0.4029,2.4927,0.7709,1.198,1.2487,0.8015,0.7278,1.9852,0.8508,0.8435,0.1046,0.8534,0.472,-0.4497,0.842,0.7822,-2.5759,0.7771,0.8787,-2.6064,0.713,0.8519,1.5439,0.75,0.7666,-0.1014,0.7475,0.537,-0.7965,0.7282,0.6654,4.1245,0.8275,0.6703,-2.0947,0.775,0.5973,2.6312,0.8396,0.4873,4.1181,0.9433,2.0126,1.2183,0.9752,1.1171,-4.3065,0.8609,0.9174,-0.6931,0.8433,0.5258,0.1952,0.8482,0.4133,2.0435,0.8999,0.7144,-3.301,0.8147,0.9015,-0.3851,0.8051,0.8317,1.9922,0.8546,0.8586,2.8619,0.9272,0.8131,0.2763,0.9344,0.5336,-6.0838,0.7753,1.3456,1.0182,0.8003,0.7891,-0.3054,0.7928,1.1549,-1.0011,0.768,0.7945,-6.8822,0.5996,2.1673,-2.7526,0.5368,1.2519,-0.0944,0.5347,1.0362,-0.9565,0.5135,0.514,2.2991,0.564,0.6539,0.804,0.582,0.8197,-2.3167,0.5296,0.5614,-2.1347,0.4825,0.7594,-0.0968,0.4804,0.8354,2.2147,0.5282,0.7925,0.9593,0.5494,0.5864,2.403,0.6029,0.9913,-2.6946,0.5414,0.9169,0.7512,0.5581,0.9059,-2.5147,0.5018,0.9297,3.6859,0.5823,1.0427,2.2157,0.6324,0.9454,1.5392,0.668,2.5617,3.037,0.7393,4.5056,0.3182,0.747,1.1627,-3.0117,0.6739,0.8374,-1.2348,0.6448,0.7614,-0.0662,0.6433,0.8668,4.5032,0.7479,0.8705,-4.999,0.6265,0.7986,-0.8623,0.6066,0.5828,-1.4596,0.5733,0.5364,-1.0357,0.5499,0.8934,-1.5436,0.5155,0.4353,-0.2608,0.5098,0.4112,-1.1108,0.4855,0.397,-5.13,0.3744,1.2967,0.6414,0.3876,0.8576,-0.7297,0.3725,0.5161,-2.4032,0.3232,0.9649,0.8792,0.3408,0.6362,4.5557,0.4328,0.9678,0.8015,0.4498,1.0649,0.9296,0.4696,0.8223,-5.0032,0.362,0.8215,1.3088,0.3887,0.8628,0.2471,0.3939,0.7323,5.0003,0.4975,1.2018,1.3263,0.5264,0.9226,0.0447,0.5274,0.9888,1.883,0.569,0.8393,-0.2382,0.5636,0.9329,-3.7519,0.4794,0.8588,4.9846,0.5871,0.9111,-0.6682,0.5719,0.9077,-1.9196,0.5287,0.8031,-0.1896,0.5245,0.8509,-3.2737,0.4523,1.2261,-1.1551,0.4277,0.8088,2.8515,0.4878,0.9283,-6.451,0.348,1.1106,-0.6073,0.3357,1.3601,2.4379,0.3848,1.0181,0.2952,0.3909,0.7172,2.4651,0.4419,0.7201,-1.6164,0.4076,0.9668,-2.9556,0.346,1.6538,4.2888,0.4328,1.5388,-3.136,0.3666,1.4557,11.0396,0.5925,3.6127,0.271,0.5986,0.9638,-1.2782,0.5695,0.8052,3.1699,0.6408,0.7733,0.2866,0.6475,0.9296,5.2385,0.7694,1.428,-1.3048,0.7374,0.695,-0.8941,0.7158,0.7011,0.8996,0.7373,0.5044,3.8312,0.8299,0.9,-0.5152,0.817,0.6719,-0.1085,0.8143,0.7454,0.6493,0.8305,0.251,-1.4202,0.7949,1.1244,1.0798,0.8216,0.8519,3.5102,0.9094,1.4543,-1.1343,0.88,2.0748,4.688,1.0,1.2011,-2.8054,0.9248,1.7602,2.5176,0.9904,2.5741,-10.6648,0.7056,4.9696,-0.8208,0.6861,1.846,-0.6376,0.671,1.7548,3.5622,0.7547,1.5949,-0.5817,0.7405,0.651,4.602,0.8519,0.982,1.9602,0.9016,1.2177,0.2218,0.9073,3.0065,-1.7683,0.8615,0.6793,-0.7172,0.8433,0.4887,-1.9791,0.7934,0.4432,2.029,0.8436,0.2839,-0.571,0.8291,0.3487,37.6179,-1.933,4.1548,37.9506,-6.0878,53.2223,0.4823,0.9362,2.3995,0.0392,0.9975,1.0675,0,0,0,0,0,0,0,0,0,0,0,0,1,0,0,MDB,2023-12-28,0,417.08
0.0,0.0144,0.7178,0.6993,0.0216,0.8329,-2.0833,0.0,0.9149,2.7187,0.0276,0.721,1.7261,0.0456,0.7693,2.9412,0.0767,1.0341,-3.2967,0.0408,1.3364,4.4318,0.0875,1.0104,-0.1088,0.0863,0.9208,-3.8126,0.0444,0.811,1.9253,0.0647,1.4159,1.3333,0.0791,1.0513,1.4254,0.0947,1.1075,1.2973,0.1091,1.1145,0.5336,0.1151,1.167,-5.5202,0.0528,1.7417,3.7079,0.0923,3.3849,-1.9502,0.0707,1.4512,0.9945,0.0815,0.9904,-1.0941,0.0695,0.7946,8.4071,0.1607,5.4812,22.3469,0.4233,8.6649,-2.0017,0.3945,1.2199,-4.0,0.3381,0.7747,-1.0638,0.3237,0.5843,2.4194,0.3561,0.7296,-3.1496,0.3129,0.5762,13.5501,0.4928,1.6223,-0.7955,0.4808,0.7182,-2.085,0.4496,0.4816,1.2285,0.4676,0.562,-0.1618,0.4652,0.3828,2.9984,0.5096,0.7327,5.1928,0.5887,0.9247,1.8699,0.6187,0.9527,-0.2937,0.6139,0.6264,-4.7865,0.536,0.5029,1.2374,0.5552,0.4422,0.0764,0.5564,0.3198,5.8015,0.6475,0.8686,0.0722,0.6487,0.7841,-1.0094,0.6319,1.004,0.9468,0.6475,0.7541,-3.824,0.5839,0.7032,-1.9505,0.5528,0.6513,-0.3826,0.5468,0.8875,1.3057,0.5671,0.6316,-0.6065,0.5576,0.5528,-0.6865,0.5468,0.8131,-1.0753,0.53,0.7182,3.1832,0.5791,2.492,1.8059,0.6079,0.7541,-0.2956,0.6031,0.609,0.9637,0.6187,0.3869,-0.6608,0.6079,0.5876,-0.2217,0.6043,0.788,2.2222,0.6403,0.7861,-1.6667,0.6127,0.6946,3.4635,0.6691,1.351,1.2821,0.6906,0.8312,7.6653,0.8213,2.1093,3.4618,0.8849,2.016,-6.6288,0.759,2.262,-1.6903,0.729,1.4159,2.751,0.777,1.1912,2.008,0.8129,1.1134,0.853,0.8285,0.8785,-7.1568,0.6966,1.0996,-1.1212,0.6775,0.9301,1.9844,0.711,0.6752,0.4864,0.7194,1.0751,-2.0747,0.6835,1.1282,2.6836,0.729,1.4986,-3.989,0.6595,0.9139,-5.7307,0.5635,0.7725,-0.4559,0.5564,1.4068,-0.5344,0.548,0.6838,-0.9977,0.5324,1.0098,-1.1628,0.5144,2.4569,-2.7451,0.4724,1.1155,-0.2419,0.4688,0.7121,1.2126,0.4868,0.5916,0.0,0.4868,0.7474,-0.0799,0.4856,0.7815,0.2398,0.4892,0.5725,4.386,0.5552,0.868,1.5279,0.5791,0.9346,2.7088,0.6223,0.9226,-1.0989,0.6043,0.6218,4.8889,0.6835,1.0713,-0.9181,0.6679,0.539,-0.784,0.6547,0.4039,-2.3707,0.6151,0.5847,0.3679,0.6211,0.4116,1.0997,0.6391,0.5236,-2.7556,0.5935,0.9047,-0.8949,0.5791,0.532,3.8375,0.6403,0.5593,-4.9275,0.5588,0.6977,-1.4482,0.536,0.7112,-1.1601,0.518,0.9802,1.1737,0.536,0.8351,4.6404,0.6079,0.6833,4.065,0.6739,2.201,-0.3551,0.6679,1.4154,-6.4861,0.5588,3.0696,1.372,0.5803,1.0321,-0.4511,0.5731,1.1868,-2.1148,0.5396,1.4874,0.6173,0.5492,1.4368,0.9969,0.5647,1.3945,-1.2908,0.5444,1.1341,0.3077,0.5492,0.6982,5.2147,0.6307,1.2861,0.9475,0.6463,1.1376,-10.7581,0.4676,4.3963,-3.6812,0.4131,1.0532,2.7299,0.452,0.9864,0.5724,0.4604,0.6764,-1.9512,0.4317,0.6466,1.3267,0.4508,0.5986,-1.1457,0.4341,0.7864,-0.5795,0.4257,0.4532,1.9151,0.4532,0.4464,1.3072,0.4724,0.3239,-0.6452,0.4628,0.4794,-2.4351,0.4269,0.9265,1.8303,0.4532,0.6855,0.1634,0.4556,0.6565,-2.3654,0.4209,0.5342,0.8354,0.4329,0.5912,3.6454,0.4856,1.2944,-1.5188,0.4628,0.8727,1.2175,0.4808,0.6596,2.6464,0.5204,0.9981,-2.1875,0.4868,1.1955,1.5176,0.5096,1.2682,-1.8096,0.482,1.2631,-0.5609,0.4736,0.8216,-1.6922,0.4484,0.7542,2.459,0.4844,0.5634,5.6,0.5683,1.2464,2.197,0.6031,3.5326,0.8895,0.6175,2.6223,16.2381,0.8825,2.9616,3.0341,0.94,2.0024,3.0675,1.0,1.9793,-0.8333,0.9832,1.1671,-4.8619,0.8861,1.1095,-1.3249,0.8609,0.6669,38.4042,27.8462,19.2824,70.021,8.5638,66.0984,0.7876,0.931,1.9772,0.0511,1.1401,1.1907,0,0,0,0,0,0,0,0,0,0,0,0,0,1,0,MGNI,2024-11-21,1,16.55
0.0,0.0234,0.7711,2.2412,0.0431,1.1891,-1.8789,0.0262,0.7735,0.7447,0.0328,0.4972,0.9504,0.0412,0.5552,-4.6025,0.0,0.618,2.0833,0.0178,0.6814,-1.6112,0.0037,0.8253,4.9127,0.0459,1.2735,1.4568,0.059,0.8982,-1.641,0.044,0.6728,5.2138,0.0908,1.0617,1.6848,0.1067,0.8137,7.3099,0.177,1.2989,4.178,0.22,1.3939,4.7079,0.2706,1.6063,-2.5812,0.2416,1.1747,-2.735,0.2116,1.1977,8.1722,0.2987,1.9504,-6.3363,0.2257,0.7976,3.209,0.2603,0.9214,5.4622,0.3212,0.9187,1.1155,0.3343,0.5189,0.788,0.3436,0.7982,0.86,0.3539,0.9022,2.4806,0.3839,0.7002,-0.3782,0.3792,1.2092,4.0243,0.4288,1.3192,3.8686,0.4785,1.2631,-0.6325,0.47,1.2897,-0.2829,0.4663,0.9908,-0.7801,0.456,1.136,0.0715,0.4569,1.093,0.3571,0.4616,0.6853,-2.0641,0.4345,0.8725,-0.8721,0.4232,1.0496,2.566,0.456,0.7584,-0.6433,0.4476,0.6618,3.0216,0.4869,0.9062,0.2793,0.4906,1.0376,0.0,0.4906,1.1245,12.9526,0.6648,5.6719,0.6782,0.6751,2.8255,8.6344,0.8071,2.4158,2.0293,0.8408,1.8464,0.663,0.8521,1.5384,3.787,0.9167,1.8084,1.8509,0.9494,1.1295,0.7269,0.9625,1.0354,0.8247,0.9775,0.9217,-0.1022,0.9757,1.3292,-0.2559,0.971,0.8362,1.5906,1.0,1.0063,-5.0505,0.9064,1.1834,-5.5851,0.8081,1.5403,-4.8451,0.7275,2.0965,6.3351,0.8277,1.1911,-5.6236,0.7331,1.3139,1.8879,0.7631,0.9557,-6.4852,0.6582,1.1433,3.839,0.7163,1.0053,5.9034,0.809,0.7992,-5.5743,0.7163,0.7628,0.5963,0.7257,0.6391,-1.3634,0.7041,0.5267,-1.262,0.6845,0.8836,-1.1564,0.6667,0.775,1.5394,0.6901,0.6996,1.1522,0.7079,0.4962,2.458,0.7463,0.5849,-2.048,0.7135,0.962,-11.7682,0.529,1.0569,-1.2187,0.5122,0.9748,-0.3427,0.5075,0.8981,1.3755,0.5262,0.7597,0.9498,0.5393,0.7053,1.9489,0.5665,0.9317,-0.4614,0.5599,0.6631,-0.2649,0.5562,0.4877,3.9841,0.6124,1.0075,1.9796,0.6414,0.499,-0.2505,0.6376,0.7022,-1.1299,0.6208,0.4673,-1.0794,0.6049,0.6507,3.2734,0.6526,0.7025,-5.1585,0.5749,0.8742,-0.7864,0.5637,0.7206,-1.5852,0.5412,0.8598,2.6174,0.5777,0.7538,6.017,0.6639,1.6746,4.3183,0.7294,2.5916,1.8332,0.7584,2.6586,-11.3821,0.5749,1.3608,1.5727,0.5974,1.157,-0.5161,0.5899,1.1067,0.5188,0.5974,1.1281,2.2581,0.6301,1.0455,-3.5962,0.5768,0.6783,-0.2618,0.573,0.4968,1.5092,0.5946,0.6776,-3.2967,0.5468,0.6306,2.139,0.5768,0.6297,3.7304,0.6301,0.8187,-1.388,0.6096,0.7811,-1.3436,0.5899,0.7391,-1.1673,0.573,0.4486,-2.9528,0.5309,0.7803,0.6761,0.5403,0.5011,0.403,0.5459,0.3927,-1.5385,0.5243,0.4002,-2.5136,0.4897,0.8749,3.2753,0.5337,0.6192,9.1768,0.661,0.915,-1.9778,0.6311,0.9761,9.0164,0.765,1.3794,4.1643,0.8324,1.1489,-1.9434,0.7996,0.9871,-1.6421,0.7725,0.6432,1.4968,0.7968,0.8168,1.9853,0.8296,0.8145,0.0,0.8296,1.0443,0.4449,0.8371,1.2941,-1.7165,0.8081,1.4769,0.6197,0.8184,0.8511,-0.3359,0.8127,0.9107,-0.2809,0.8081,0.6715,-1.2394,0.7875,1.6738,0.7986,0.8006,1.0778,3.1692,0.853,1.0435,0.9874,0.8699,1.5782,1.6295,0.8979,0.7756,0.6414,0.9092,0.7827,0.2124,0.9129,0.5171,-4.9815,0.8249,1.0591,-2.8444,0.7772,0.8883,2.9851,0.8258,1.2317,-0.4459,0.8184,0.7042,0.6719,0.8296,1.5853,7.4527,0.9551,3.3631,2.0186,0.9916,1.3929,-1.928,0.956,0.9767,-1.4485,0.9298,0.7781,2.8871,0.9813,0.6488,-1.0204,0.9625,0.7495,-2.0103,0.926,0.5039,-2.3672,0.8839,0.7749,0.1616,0.8867,0.4278,-3.4965,0.8258,0.8498,-0.9476,0.8099,0.8882,-0.0563,0.809,0.7709,34.7886,-8.3346,6.7137,67.9187,-15.0483,44.8016,0.2023,0.897,2.2916,0.0384,0.9559,1.0213,0,0,0,0,0,0,0,0,0,0,0,0,0,0,1,MTW,2023-08-01,0,18.85
0.0,0.3908,1.1153,0.3506,0.3985,1.2417,0.5241,0.41,2.88,-7.8902,0.236,4.6372,-1.8491,0.1985,1.3072,-4.2291,0.1142,1.5909,-0.9233,0.0966,1.1178,-1.9449,0.0598,1.0058,2.2727,0.1019,1.1286,-0.1212,0.0996,0.4705,2.7913,0.1525,0.6152,0.2755,0.1579,1.4739,-0.2747,0.1525,0.7811,1.2987,0.1778,0.9952,-3.4965,0.1088,0.4532,0.8454,0.1249,0.4017,-3.2735,0.0621,0.9024,3.1366,0.1203,0.7357,-0.6803,0.1073,0.4575,1.8131,0.1418,0.3292,-0.0396,0.141,0.3888,2.8899,0.1969,0.7585,-3.0012,0.1372,0.716,1.3487,0.1632,0.6894,-0.9785,0.1441,0.9204,0.4743,0.1533,0.4262,-0.4327,0.1448,0.6251,-0.5531,0.1341,0.7827,-1.47,0.1057,0.474,3.1452,0.1655,0.757,-0.3127,0.1594,0.617,-0.1176,0.1571,0.5002,0.6282,0.1693,0.7307,-1.1705,0.1464,1.0332,-2.7635,0.0927,0.7525,0.812,0.108,0.6528,-2.9803,0.0513,0.9101,-2.7812,0.0,0.8485,1.6225,0.0291,0.8012,0.5042,0.0383,1.0945,0.2508,0.0429,0.8431,2.2102,0.0835,1.1595,-2.2032,0.0421,1.043,0.8761,0.0582,1.4493,-0.6617,0.046,0.9302,-0.3331,0.0398,1.3248,2.4645,0.0851,0.9813,-0.4484,0.0766,0.6855,0.9828,0.095,0.8775,-1.8654,0.0598,0.7804,5.4959,0.1617,1.7005,2.3893,0.2084,1.3058,-1.7598,0.1732,1.0998,2.2975,0.2184,1.3143,-2.2078,0.1739,1.8386,-0.2725,0.1686,0.778,0.6245,0.1808,1.2174,-0.8922,0.1632,1.9897,-0.5479,0.1525,1.7518,16.8044,0.4797,6.2131,-0.7075,0.4636,2.318,-0.6108,0.4498,1.2272,1.1267,0.4751,1.7641,0.844,0.4943,1.1383,2.2765,0.5464,0.9503,-3.0115,0.4759,0.7512,-0.7762,0.4582,0.7652,-1.3946,0.4268,1.0588,1.3108,0.4559,0.8065,1.396,0.4874,0.8084,-0.2686,0.4812,0.594,0.5724,0.4943,0.547,-0.9374,0.4728,0.4999,1.2842,0.5019,0.5049,-2.6026,0.4421,1.4302,0.1713,0.446,1.2484,-2.907,0.3808,0.5848,-1.5146,0.3479,0.7205,-2.1102,0.3027,1.2878,-1.6441,0.2682,0.553,0.5572,0.2797,1.6369,0.1108,0.282,1.1057,-0.0738,0.2805,0.9407,3.582,0.3548,1.1087,0.6417,0.3686,0.4089,-1.0627,0.3456,1.0002,-2.3631,0.295,0.7473,0.11,0.2973,0.5569,1.9414,0.3379,0.7294,0.2875,0.3441,0.7462,-0.3225,0.3372,0.6328,5.8231,0.4613,1.801,-1.3927,0.4299,0.7976,0.3789,0.4383,0.6332,-0.755,0.4215,0.7991,1.9364,0.4644,1.0881,-2.5441,0.4069,0.8764,1.8796,0.4483,1.5757,2.4599,0.5034,1.5123,1.1671,0.5303,0.9698,0.5933,0.5441,0.7947,-2.2608,0.4912,0.5806,-0.1676,0.4874,0.5054,1.4103,0.5195,0.6786,0.0331,0.5203,0.8896,-3.6412,0.436,1.1696,0.2748,0.4421,0.8582,1.3361,0.472,0.6478,1.6227,0.5088,0.6233,-1.4637,0.4751,0.8635,-0.135,0.472,0.5683,0.4395,0.482,0.4528,-0.7068,0.4659,0.9645,1.6271,0.5027,0.728,0.934,0.5241,1.3324,0.0,0.5241,0.6822,-0.0991,0.5218,1.1577,-0.0662,0.5203,0.7248,2.3502,0.5747,1.7011,2.5873,0.636,1.6302,0.0315,0.6368,1.3255,-5.1686,0.5111,1.8064,-1.6617,0.4728,2.8254,3.5823,0.554,1.3766,0.522,0.5663,1.2816,0.0,0.5663,0.8958,0.9413,0.5885,2.4408,12.2186,0.8797,6.5472,-0.1146,0.8766,1.8325,0.8319,0.8989,1.0721,2.5889,0.9686,1.3725,0.2773,0.9762,0.6761,0.8573,1.0,0.9889,-0.6992,0.9805,0.4784,-0.5937,0.964,0.4999,-0.8333,0.941,0.4643,-0.8683,0.9172,0.8491,-2.7126,0.8437,0.8009,-2.4397,0.7793,0.9211,0.4763,0.7916,1.3536,0.2963,0.7992,1.1215,3.6632,0.8943,1.0018,0.8264,0.9165,0.734,-0.7349,0.8966,2.4644,1.7084,0.9425,1.4684,-2.2956,0.8797,0.8067,-0.0573,0.8782,0.6349,-0.344,0.869,0.6798,-1.2946,0.8345,0.9311,-0.8161,0.813,1.0328,33.0604,1.2612,23.2156,16.9528,-21.9544,49.8953,0.1936,0.9331,1.6788,0.0362,0.9698,1.049,0,0,0,0,0,0,0,0,0,0,0,0,1,0,0,NTNX,2023-10-09,1,36.0
0.0,0.7466,0.8285,-0.6194,0.7261,1.0113,-0.7112,0.7026,0.9948,-0.6499,0.6813,2.2116,0.1933,0.6876,0.6578,-0.7642,0.6627,0.6804,0.4635,0.6777,0.8254,-1.972,0.6136,0.9192,-2.0345,0.5488,1.3561,-0.8911,0.521,0.7786,0.0625,0.523,1.4753,0.1328,0.5271,0.9201,-2.9341,0.4362,0.8965,-0.9567,0.4074,0.7511,-0.9821,0.3781,1.2709,-3.7544,0.2674,0.959,0.6218,0.2851,1.8293,1.8453,0.3378,1.1097,-0.4322,0.3252,1.0177,-2.0868,0.2647,1.4483,1.7562,0.3146,0.9322,1.8851,0.369,1.2605,-6.1261,0.1888,1.7414,-1.2439,0.1545,1.6182,-0.958,0.1284,1.287,0.1254,0.1318,1.0773,-3.8014,0.029,1.1117,2.3059,0.089,0.8927,1.8995,0.1395,0.7006,0.5976,0.1557,0.8424,0.86,0.1792,0.6951,-2.2416,0.1175,1.4565,1.5286,0.1586,1.2229,-0.7085,0.1393,0.8261,1.2488,0.1731,0.7456,1.3038,0.2089,0.9267,1.0523,0.2382,2.7033,3.8038,0.345,1.2665,2.1389,0.4074,0.6901,-0.0162,0.4069,0.8298,0.3734,0.418,1.2386,0.5904,0.4357,0.4669,-1.0131,0.4052,0.5255,0.5036,0.4202,0.9077,0.3475,0.4306,0.9843,0.2336,0.4376,0.7068,-0.8919,0.4108,0.5639,-0.9,0.3839,0.8408,-3.8534,0.2701,1.2151,-3.276,0.177,0.9233,1.0733,0.2065,0.6785,-6.4235,0.028,1.0962,-1.079,0.0,2.0133,1.8994,0.0488,0.7115,-0.9874,0.023,1.1366,2.2274,0.0808,0.7681,3.911,0.1845,5.3973,-0.2632,0.1772,0.6404,0.2903,0.1852,0.4898,-0.8245,0.1625,0.4413,3.2458,0.2512,0.6239,-0.5482,0.2357,0.6918,-0.5512,0.2203,0.9113,0.0173,0.2207,0.4643,0.9006,0.2459,0.4172,1.4418,0.2865,0.4065,-2.2843,0.2212,0.9132,0.5455,0.2365,0.8111,-0.4994,0.2224,0.6211,1.9905,0.278,0.5934,3.6657,0.3825,0.9149,-0.0737,0.3803,0.868,2.3345,0.4492,0.604,1.3448,0.4898,0.7004,0.8451,0.5157,0.5976,-1.3941,0.4727,0.6003,0.6434,0.4923,0.6171,0.5446,0.5089,0.8347,1.7347,0.5624,0.9192,4.9842,0.7186,1.1167,-0.3454,0.7072,1.2249,0.6047,0.727,1.0505,-0.6817,0.7045,1.0299,-1.9559,0.6405,2.1777,-0.6399,0.6199,1.7885,-1.1289,0.5839,1.7213,-1.1264,0.5484,1.9354,-1.767,0.4932,1.3036,1.3176,0.5336,1.275,2.3594,0.6069,0.725,2.0997,0.6736,0.6749,4.1279,0.8075,0.8806,1.4168,0.8554,1.138,2.7023,0.948,1.2456,-2.8648,0.8472,1.2641,0.4809,0.8636,1.0409,-3.0759,0.758,0.9115,-1.5105,0.7077,0.6989,3.6499,0.8274,0.825,1.2876,0.8711,0.8385,-2.6057,0.7814,0.848,0.3678,0.7938,0.8366,-0.8622,0.7647,1.2563,2.0148,0.832,1.3305,-3.9003,0.6992,0.9562,-0.1552,0.6941,0.9171,1.2809,0.736,0.88,2.0981,0.8054,0.8891,0.222,0.8129,0.6074,1.6504,0.8687,0.6604,-0.5342,0.8503,0.9579,-3.2999,0.7374,0.7657,0.38,0.75,1.1257,-3.1448,0.6456,0.6802,-0.0827,0.6429,2.3489,1.9633,0.706,0.5876,-0.9295,0.6755,0.4979,-0.2979,0.6659,0.6507,-6.0423,0.4703,0.8787,-4.9841,0.3187,1.4497,1.531,0.3629,0.7272,0.2719,0.3709,0.6081,2.6954,0.4502,0.7638,-2.7367,0.3675,0.7145,1.8675,0.4224,1.2785,1.8414,0.4775,0.9268,3.41,0.5815,1.0036,-0.3374,0.5708,0.8098,0.831,0.597,0.746,-2.9304,0.5041,1.0022,0.173,0.5094,0.5763,-0.4944,0.4942,1.1214,-4.4246,0.3586,0.753,4.3572,0.4862,1.0135,-1.6922,0.4345,0.8494,3.7967,0.5486,0.7996,1.6971,0.6015,0.9273,-0.5258,0.5849,0.807,-0.5133,0.5687,0.7198,4.3582,0.7055,1.1883,3.704,0.8269,0.9276,0.9747,0.86,0.9578,0.1127,0.8639,1.0889,1.7173,0.9229,0.6866,2.2073,1.0,1.1884,-1.8685,0.9333,1.3288,-0.3174,0.9221,1.3019,-1.9586,0.8537,1.1468,0.1765,0.8598,1.1003,-1.5996,0.8049,1.9105,34.9269,7.2627,9.0027,21.2515,-1.74,55.2599,0.6268,0.9454,1.3904,0.0423,1.0299,1.0442,0,0,0,0,0,0,0,0,0,0,0,0,0,0,1,NVEE,2022-11-09,1,35.45
0.0,0.4856,1.132,-5.0204,0.3329,1.7553,-6.0952,0.1568,1.5069,2.6369,0.2283,1.0147,-3.9032,0.1197,0.9591,-4.473,0.0,1.81,2.8525,0.0729,1.0573,3.7153,0.1706,1.1413,0.1009,0.1733,0.6837,-1.0585,0.1444,0.5811,2.4452,0.2105,0.7202,1.4421,0.2503,0.9003,3.2843,0.3425,1.0364,1.6611,0.3906,1.259,0.747,0.4127,0.5691,-3.1511,0.3191,0.7255,2.0574,0.3783,0.8884,0.1406,0.3824,0.5852,-0.7491,0.3604,0.5175,-4.1038,0.2407,1.0925,0.6886,0.26,0.5413,-1.2702,0.2242,0.7865,-5.2449,0.0784,1.1917,-0.8877,0.055,0.873,1.6333,0.0977,0.705,-3.4733,0.0055,1.04,1.0204,0.0316,0.556,0.7974,0.0523,0.752,1.7405,0.0977,0.8991,6.3245,0.2655,1.6175,3.3642,0.3604,1.6761,0.1415,0.3645,1.2021,-1.6015,0.3177,0.9383,-2.2499,0.2531,1.1692,2.9383,0.3356,1.1778,1.5699,0.381,2.8877,-1.9204,0.3246,0.7013,6.0172,0.4979,1.8079,-1.4414,0.4539,1.2167,2.1481,0.5186,1.4513,-4.0268,0.3948,0.9251,-2.704,0.315,0.8465,3.2583,0.4085,1.0455,-0.0464,0.4072,0.5019,-0.8357,0.3824,0.4839,0.7022,0.403,0.6849,-1.3482,0.3631,0.5268,-0.1885,0.3576,0.5214,0.1889,0.3631,0.4359,5.8435,0.5337,0.9565,-0.8905,0.5062,0.9685,-1.0332,0.4746,0.449,1.1802,0.5103,0.6055,-1.2562,0.4718,0.8753,0.318,0.4814,0.6433,10.5525,0.8019,2.4796,1.6796,0.8583,2.6753,4.1499,1.0,1.6138,-1.1605,0.9587,1.2784,-0.7436,0.9326,1.3447,-2.4842,0.8459,0.8946,-1.1727,0.8061,0.6469,2.0867,0.8762,0.8857,-2.4449,0.7923,0.7645,-3.8209,0.6644,1.6167,-1.7941,0.6066,0.7418,-1.0874,0.5722,0.6371,-0.8795,0.5447,1.26,-0.3106,0.5351,1.7657,4.1834,0.6644,0.9517,-3.2892,0.5585,0.751,-4.1961,0.4278,1.4351,1.4292,0.4704,0.8624,-2.1818,0.4044,0.7334,1.6729,0.4539,1.0943,-2.1481,0.3893,2.3843,6.0252,0.5667,0.8511,0.2203,0.5736,0.6251,-1.4505,0.5282,0.6257,2.1855,0.5956,0.5971,-1.4404,0.5502,0.7244,-3.9415,0.4278,1.4018,0.1383,0.4319,0.8327,0.0,0.4319,1.0743,1.151,0.4663,0.3809,-2.8675,0.3796,0.9062,5.9513,0.5543,0.7943,0.0442,0.5557,0.5612,0.6189,0.575,0.6094,-2.5923,0.4938,0.7191,5.0068,0.6465,1.1578,-0.6873,0.6245,0.6572,3.5467,0.7373,0.9272,-5.2632,0.564,0.8497,-2.0723,0.4993,0.7493,-0.9005,0.4718,0.8943,-0.0454,0.4704,0.6564,-6.1364,0.2847,1.5908,-0.8717,0.26,0.8545,0.5374,0.2751,1.8982,0.6803,0.2944,0.4813,0.1448,0.2985,0.225,0.3855,0.3095,0.3625,-1.2002,0.2751,0.4209,-3.1098,0.1871,1.013,1.4042,0.2256,0.4526,5.6874,0.3838,0.9321,-2.4801,0.3109,0.7464,0.048,0.3122,0.9361,1.8705,0.3659,1.1749,0.9416,0.3934,0.6799,-0.5131,0.3783,1.457,-3.3755,0.2792,0.8783,3.9301,0.3906,1.4106,-0.9804,0.3618,1.1662,1.1315,0.3948,1.452,-0.0932,0.392,0.7763,2.2399,0.458,1.0826,-0.3195,0.4484,1.2648,-0.0916,0.4457,0.9886,2.7498,0.5282,1.295,-2.8992,0.4388,0.9993,0.6431,0.458,0.6932,3.058,0.5502,0.989,6.7759,0.7607,1.7579,-3.7329,0.6369,1.2361,2.8005,0.7263,1.4969,1.425,0.773,0.9123,3.2645,0.8817,1.4028,-0.7603,0.8556,0.6931,-1.0081,0.8212,0.9037,2.5255,0.9065,1.1406,-3.4565,0.7868,1.0509,3.9095,0.9175,1.1399,-0.7129,0.8927,0.734,-2.4332,0.8088,1.3173,0.8585,0.8377,1.0899,-1.4187,0.7895,0.8856,4.852,0.9519,1.753,-4.1569,0.8061,1.328,0.7774,0.8322,1.1584,-1.015,0.7978,1.0508,2.5841,0.8845,0.8909,-4.4382,0.7318,0.806,-0.2929,0.7221,0.9896,-1.3009,0.6795,1.1733,0.7228,0.7029,0.8582,5.2343,0.8735,0.8417,-1.6847,0.8157,0.8343,0.1632,0.8212,0.9616,20.8107,0.2473,19.4949,6.1867,-19.2476,53.9867,0.5078,0.9497,1.792,0.044,1.0007,1.0708,0,0,0,0,0,0,0,0,0,0,0,0,0,1,0,PAAS,2025-03-12,1,25.25
0.0,0.0,0.9479,3.3857,0.0722,1.6581,2.2789,0.1224,2.6619,-0.0495,0.1213,2.8751,-0.3468,0.1135,0.6294,1.5079,0.1474,0.9611,-2.824,0.083,1.0188,-0.2856,0.0767,0.7308,2.847,0.1396,1.0419,2.0639,0.1865,1.1471,1.7654,0.2274,0.9378,-0.1577,0.2237,0.9153,-0.8056,0.2047,0.7685,0.2229,0.2099,1.0855,-0.7467,0.1924,0.639,2.9934,0.262,0.6238,-7.0718,0.0927,3.1312,1.5387,0.1269,0.8852,-0.0165,0.1265,0.5286,1.5157,0.1608,0.5397,-2.629,0.1005,0.8827,1.2,0.1273,0.6822,1.6963,0.1656,0.7794,1.8138,0.2073,1.0166,-3.2289,0.1317,1.154,-0.4438,0.1217,0.5954,4.4246,0.2214,0.9602,2.9407,0.2907,0.9568,-2.9028,0.2203,0.4989,0.2847,0.227,1.1565,1.4353,0.2609,0.9114,6.5153,0.4168,1.1648,-1.6788,0.374,0.7441,6.0431,0.5255,5.3157,5.7547,0.6785,2.9366,-0.3442,0.6688,2.7778,-1.488,0.6271,1.1458,0.9171,0.6524,1.0064,-1.8308,0.6014,0.7176,0.9257,0.6267,0.6642,0.9037,0.6517,0.7531,2.1388,0.7112,0.8483,-3.2718,0.6182,0.9697,0.92,0.6435,0.5555,0.5631,0.6591,0.6174,0.3333,0.6684,0.4151,-1.5413,0.6252,0.5892,-2.4831,0.5568,0.6142,2.2281,0.6167,0.7836,4.0612,0.7283,0.8955,2.7319,0.8065,0.7107,2.6339,0.8839,1.1242,-7.3288,0.6628,1.1776,-1.7175,0.6148,0.9349,-2.8583,0.5363,0.9203,-0.2231,0.5303,0.6179,-0.1398,0.5266,0.7887,-0.3499,0.5173,0.686,0.7865,0.5381,0.6268,1.296,0.5728,0.4535,-3.3567,0.482,0.534,1.9502,0.5329,0.5973,2.2759,0.5936,0.8473,-5.4198,0.4459,0.9173,0.6062,0.4615,1.9199,-2.3816,0.3997,0.951,-0.6467,0.3833,0.6843,2.2633,0.4403,0.9771,-2.1554,0.3848,0.8641,-0.6062,0.3696,0.4538,-1.2792,0.3376,0.4911,1.582,0.3766,0.7304,1.6019,0.4168,0.7337,-0.2774,0.4098,1.0928,-2.313,0.3509,0.6739,-3.4467,0.2654,1.4087,1.0399,0.2903,1.0651,-2.6728,0.2255,1.1591,0.9943,0.249,0.7577,0.1563,0.2527,0.6183,0.6553,0.2683,0.7219,-3.0538,0.195,1.0835,3.6617,0.2802,0.9866,-4.5504,0.1705,1.1514,0.8242,0.1894,1.1323,-0.2404,0.1838,1.1462,0.3053,0.1909,1.1349,-2.8992,0.1236,1.0758,0.3464,0.1314,2.2115,1.2658,0.16,0.9802,-1.1688,0.1332,1.0201,-0.9527,0.1116,1.0519,-0.398,0.1027,2.3209,1.0989,0.1273,0.8175,0.5105,0.1388,0.6953,-0.7865,0.121,0.6162,5.2188,0.2386,1.0925,1.3185,0.2698,0.7121,2.1844,0.3223,0.8928,0.6671,0.3387,0.7203,1.6867,0.3803,0.787,-1.0812,0.3532,0.6565,-1.8266,0.3078,1.3111,-0.5795,0.2936,0.7454,0.7823,0.3126,0.6976,2.481,0.3733,0.4635,6.3865,0.5333,1.022,5.333,0.6755,1.692,-1.1663,0.6427,0.9855,1.8238,0.6933,0.9287,-3.0028,0.6085,0.8279,-3.1093,0.5233,0.9925,-2.9288,0.4455,0.8788,-0.7362,0.4265,0.791,-0.0873,0.4243,0.7309,-1.1354,0.3952,0.6057,3.3716,0.4805,1.3917,0.0855,0.4827,0.8799,2.8035,0.556,1.0055,-1.7996,0.5076,0.5845,3.5241,0.6007,0.8222,-1.2663,0.5661,0.5544,-2.1238,0.5087,0.6502,1.2822,0.5426,1.0347,0.9738,0.5687,0.7487,1.86,0.6189,1.4259,0.1082,0.6219,0.5011,-1.4458,0.5821,0.6284,-1.4532,0.5426,1.0692,0.5147,0.5564,1.6802,0.7059,0.5754,1.0834,2.9962,0.6565,3.0324,1.1209,0.6878,3.3582,-1.6891,0.6401,0.9271,0.7383,0.6606,1.4753,4.9567,0.799,2.9053,-4.1386,0.6777,3.7433,1.8938,0.7309,1.155,-1.1437,0.6982,0.5933,0.263,0.7056,0.2397,2.0063,0.7626,0.4417,2.0054,0.8206,0.846,1.9912,0.8794,1.0347,0.0618,0.8813,0.7297,1.2102,0.9178,1.0149,0.5246,0.9338,1.0463,2.1605,1.0,1.178,-1.1049,0.9654,1.2213,-2.2465,0.8958,1.0817,-2.2244,0.8284,0.7859,33.2998,8.1044,16.0703,21.1132,-7.9659,55.864,0.5888,0.9452,1.7544,0.0342,1.0146,1.077,0,0,0,0,0,0,0,0,0,0,0,0,1,0,0,PCVX,2024-07-23,0,83.95
0.0,0.6394,0.7324,6.121,0.7357,0.7111,2.5486,0.7783,0.5451,3.5317,0.8387,0.9708,-1.0107,0.8208,0.4756,0.8296,0.8354,0.8458,-3.038,0.7816,0.821,-0.5222,0.7727,0.4913,3.6089,0.8343,0.7839,-0.3167,0.8287,0.7167,0.0635,0.8298,0.5191,1.0159,0.8477,0.649,1.3828,0.8723,0.8538,0.496,0.8813,1.104,-9.7471,0.7044,0.7754,-6.7669,0.5935,1.7443,-3.5191,0.5398,0.7267,1.0638,0.5554,1.0064,-0.3759,0.5498,0.5665,7.0189,0.654,0.6699,-6.5585,0.5498,0.7572,1.2075,0.5677,0.8823,-3.3557,0.5174,0.403,-0.9259,0.5039,0.8772,-10.5919,0.3516,1.2255,-4.2683,0.2968,1.4248,6.1874,0.3729,1.1864,3.4276,0.4177,1.4118,8.9478,0.5386,1.4046,-17.1103,0.2867,1.4047,3.945,0.3348,1.7287,6.7079,0.4199,1.0657,3.4739,0.467,1.0888,-2.2382,0.4356,0.667,-4.3336,0.3763,0.8236,6.8376,0.4658,0.8113,6.72,0.5599,0.9369,3.2984,0.6092,1.1399,3.0479,0.6562,1.1922,2.3239,0.6932,0.7773,-8.3964,0.5566,1.1081,5.4846,0.6383,0.6856,-0.7835,0.626,0.7957,-1.6511,0.6002,3.0377,7.8102,0.72,1.023,-2.7759,0.6741,0.6166,-4.9443,0.5946,0.501,-3.8462,0.5358,1.8985,-4.9905,0.4625,0.9027,-14.996,0.2531,3.5876,-6.5094,0.1758,1.7044,7.1645,0.2553,1.5947,-8.1921,0.1579,1.2608,-8.1026,0.0694,1.6933,-2.2321,0.047,1.3579,-4.7945,0.0,0.8379,9.8321,0.0918,0.8834,-6.441,0.0258,0.6378,4.2007,0.0661,0.5737,2.6876,0.0929,0.568,5.2345,0.1467,0.5365,-2.6943,0.1176,0.5777,38.4452,0.5218,9.7487,2.2308,0.5543,2.0932,8.2769,0.6775,0.7702,0.0,0.6775,0.7031,-0.9034,0.6629,0.4561,-0.561,0.654,0.2757,-1.481,0.6305,0.2723,-0.7874,0.6181,0.2872,6.4935,0.7189,0.6716,1.626,0.7458,0.5008,-1.5333,0.72,0.5012,7.5829,0.8455,1.0695,-27.7533,0.3516,3.9887,-12.3693,0.1926,1.9417,21.7694,0.4378,1.8191,4.4082,0.4983,1.2098,2.8147,0.5386,0.6528,-2.5856,0.5006,0.585,-1.249,0.4826,0.4668,4.7431,0.5498,0.4084,3.3962,0.6002,0.5717,7.3723,0.7133,0.6397,4.0789,0.7805,0.6779,1.241,0.8018,1.1825,-1.7419,0.7716,0.32,-0.4596,0.7637,0.3734,2.2427,0.8018,0.5646,-2.9677,0.7503,0.3702,-0.9309,0.7346,0.4644,-2.8859,0.6865,0.836,0.1037,0.6881,0.9391,4.66,0.7637,0.5219,-1.3193,0.7413,0.3709,11.0294,0.9261,1.0471,3.9735,1.0,1.1397,-2.1424,0.9586,0.6767,-3.3136,0.8959,0.5701,-0.7344,0.8824,0.8707,-1.418,0.8567,0.7912,-4.065,0.7839,0.5854,-1.4993,0.7581,0.6694,-2.1178,0.7223,1.6345,2.096,0.757,1.2695,-5.894,0.6573,2.6695,-1.8297,0.6282,1.5347,1.9355,0.6585,0.629,0.7736,0.6708,0.6152,-0.6978,0.6596,0.6726,-2.6001,0.6181,0.6191,0.5772,0.6271,0.8816,0.3587,0.6327,0.4738,2.0729,0.6652,0.6425,0.9804,0.6809,0.2652,-0.7628,0.6685,0.5213,0.9085,0.6831,0.6091,2.9778,0.7312,1.4598,0.0672,0.7324,0.5896,-3.2258,0.6786,0.9705,1.0417,0.6954,1.0155,-4.055,0.6293,0.7677,3.2951,0.6809,0.8021,5.4092,0.7682,1.879,-1.3816,0.7447,1.5601,-3.2688,0.6898,0.7282,-1.7241,0.6618,1.2633,7.9298,0.7884,1.8676,-1.1053,0.7693,0.7859,-0.6575,0.7581,0.5619,-0.8604,0.7436,0.7814,-8.6782,0.598,3.87,5.7018,0.6853,2.6054,-3.7344,0.6249,1.0473,-1.6164,0.5997,0.7979,0.5476,0.6081,0.5186,1.6703,0.6338,0.8524,-3.6429,0.5767,0.5341,-0.2965,0.5722,0.4652,-1.2639,0.5532,0.3231,6.3253,0.6473,0.8451,1.2748,0.6674,0.6769,2.0979,0.701,0.4159,8.0822,0.8331,1.1967,2.5349,0.8779,1.072,-3.2138,0.8197,0.4973,-2.1073,0.7828,0.596,0.9785,0.7996,0.3797,0.4522,0.8074,0.7246,0.9646,0.8242,0.9181,60.841,12.5346,-6.2474,-2.2444,18.782,59.1683,0.8119,0.8684,3.4581,0.0538,1.0775,1.0759,0,0,0,0,0,0,0,0,0,0,0,0,0,0,1,QURE,2025-08-27,1,15.75
0.0,0.0639,1.0013,0.8678,0.0879,1.0245,-2.581,0.016,1.3637,0.7359,0.0359,0.6762,0.3214,0.0447,1.0248,-1.6312,0.0,2.4577,3.435,0.0927,0.8434,-0.229,0.0863,0.6379,2.5538,0.1573,0.792,1.3151,0.1949,1.1523,4.4187,0.3227,1.2807,3.068,0.4153,2.116,-0.1026,0.4121,1.5141,1.9008,0.4712,0.7945,-2.2939,0.3986,0.9981,-1.2384,0.3602,0.9557,-2.5601,0.2819,0.5611,2.9223,0.369,0.6603,1.9276,0.4281,0.8713,-1.6867,0.3754,0.6593,-0.3639,0.3642,0.9309,1.3566,0.4058,1.0043,2.5997,0.4864,1.2888,-0.5018,0.4704,1.1319,2.7484,0.5575,0.9462,5.1534,0.7252,2.1271,3.2672,0.8371,1.2171,-1.6949,0.7772,0.7877,-3.5862,0.6526,1.0302,0.2861,0.6621,0.8818,-2.3538,0.5831,1.5066,1.0957,0.619,2.1463,-1.4451,0.5711,0.907,0.1466,0.5759,0.9429,0.2684,0.5847,1.0207,3.6262,0.7037,0.8872,-0.2114,0.6965,0.5452,0.4942,0.7133,0.7439,-3.7705,0.5847,0.7123,2.02,0.651,0.6558,2.5525,0.7364,0.5922,-0.6746,0.7133,0.4393,-0.0937,0.7101,0.9746,0.1875,0.7165,0.6614,0.0702,0.7188,0.5561,0.4442,0.734,0.4715,-0.419,0.7196,1.0774,-1.6363,0.6637,1.0717,-1.1882,0.6238,0.6161,0.5532,0.6422,0.8259,-3.7312,0.5176,0.872,-2.4348,0.4393,1.0145,-1.8589,0.381,1.6325,0.1557,0.3858,1.7099,-2.2798,0.3155,1.4897,0.3181,0.3251,1.1782,-4.7304,0.1821,2.6919,2.8571,0.2644,1.3814,4.2341,0.3898,0.9702,-1.837,0.3331,0.7241,-0.6062,0.3147,0.5376,-0.0265,0.3139,0.6151,2.5464,0.3906,1.0517,-0.7501,0.3674,0.7379,1.3292,0.4081,0.5936,-0.2315,0.401,0.7232,1.8046,0.4569,0.812,-0.6584,0.4361,1.1085,-2.5236,0.357,0.7386,-4.1056,0.2316,1.748,-0.7636,0.2093,0.8825,1.0992,0.2412,1.3197,4.4034,0.3706,1.0297,-2.0568,0.3075,0.6444,-0.0532,0.3059,0.7008,0.5319,0.3219,0.5444,1.164,0.357,0.5731,0.4969,0.3722,0.9118,-1.0929,0.3387,0.765,-2.9466,0.2492,1.5555,-1.762,0.1973,1.2733,0.9934,0.226,0.8159,-2.2951,0.1589,0.7204,-0.1957,0.1534,0.8272,2.3256,0.2196,0.9917,2.6013,0.2955,1.1343,-1.281,0.2572,0.9463,-1.0814,0.2252,1.0292,-0.4919,0.2109,1.22,-1.4556,0.1685,0.623,1.1984,0.2029,1.1754,3.6078,0.3075,2.0837,0.3456,0.3179,4.8859,-3.1258,0.2236,1.3675,2.1329,0.2859,1.7073,2.1419,0.3498,1.3556,2.6212,0.4297,1.3133,-2.1456,0.3626,1.0187,-1.279,0.3235,0.9918,1.7715,0.377,0.6701,-1.6888,0.3251,0.7934,0.3171,0.3347,0.6431,-0.1844,0.3291,0.7245,-1.6891,0.278,0.6283,-0.6711,0.258,0.5559,1.1622,0.2923,0.4265,-0.4809,0.278,0.6606,-4.3221,0.1494,1.7058,0.9259,0.1757,0.7639,3.6975,0.2819,0.89,-4.933,0.135,0.8947,5.6402,0.2947,0.7801,2.803,0.3786,0.731,-0.7531,0.3554,0.4933,-1.3344,0.3147,0.4343,0.663,0.3347,0.6557,1.6596,0.385,0.734,-0.907,0.357,0.6507,1.1506,0.3922,0.7263,-0.6463,0.3722,1.268,-0.8847,0.345,0.871,0.3938,0.357,1.0738,-0.6276,0.3379,0.6846,-0.8947,0.3107,1.1331,2.2305,0.3778,1.1792,3.013,0.4704,1.1976,-1.2355,0.4313,0.9056,2.0934,0.4968,0.5119,0.2001,0.5032,1.0163,-0.7736,0.4784,0.5949,0.6791,0.5,1.3522,-1.8986,0.4393,1.122,2.9539,0.5319,1.5848,5.7136,0.7165,1.5221,1.4272,0.7652,1.1251,2.1684,0.8403,1.5206,-0.6774,0.8163,0.8653,-0.0455,0.8147,0.7595,2.388,0.8986,0.8681,0.6442,0.9217,0.579,1.898,0.9904,1.0053,-0.6931,0.9649,0.5709,0.1527,0.9704,0.5436,0.0653,0.9728,0.747,0.6529,0.9968,1.008,0.0865,1.0,0.7682,-0.4969,0.9816,1.4193,-0.152,0.976,1.1127,-2.9572,0.8674,1.9627,-1.2996,0.8211,2.4665,21.3014,8.3902,7.1108,6.7286,1.2794,54.8778,0.4729,0.9516,1.8248,0.0236,0.9949,1.0874,0,0,0,0,0,0,0,0,0,0,0,0,1,0,0,TPX,2023-08-04,0,45.85
0.0,0.294,1.7236,6.2976,0.4839,0.9626,-1.1467,0.4472,1.2295,2.5616,0.5283,0.7362,1.6494,0.5819,1.181,2.2717,0.657,0.9071,0.9519,0.6891,0.4092,0.5388,0.7075,0.413,-1.6972,0.6493,0.3656,-0.1363,0.6447,0.4529,3.3667,0.758,0.5941,-1.1884,0.7167,0.4091,-0.3118,0.706,0.4403,-1.3852,0.6585,1.0831,1.5859,0.7121,1.4008,-0.3122,0.7014,0.7039,-0.9396,0.6692,0.3489,-2.8004,0.5743,0.3846,-2.6952,0.4855,0.6204,-0.7641,0.4609,0.2779,-1.9249,0.3997,0.4781,1.3248,0.441,1.5162,1.1138,0.4763,0.5942,-3.4483,0.366,0.5535,-0.5456,0.3492,0.8849,0.0,0.3492,0.8845,0.6983,0.3706,0.6872,1.7335,0.4242,1.6533,2.1422,0.4916,1.2438,-0.8103,0.4655,2.6066,-5.0937,0.3032,0.9684,-0.1013,0.3002,0.8397,-1.1151,0.2665,0.9309,3.9467,0.3844,1.3051,2.4162,0.4594,0.9928,3.4665,0.5697,1.0443,0.698,0.5926,0.9149,1.5481,0.644,0.7135,-2.4801,0.5605,0.7807,0.3733,0.5727,0.6044,-1.9061,0.51,0.7077,-0.7583,0.4855,2.0564,0.7641,0.51,1.7272,4.1706,0.6447,4.5841,-1.0009,0.611,0.4645,-0.1379,0.6064,0.5942,-1.1505,0.5681,0.8045,1.2104,0.608,0.5596,2.4839,0.6907,2.3676,3.1867,0.7994,1.0899,-0.8264,0.7703,0.8423,-0.0877,0.7672,1.7053,-0.3951,0.7534,0.9325,-0.7933,0.7259,0.9554,-10.4398,0.366,2.8582,1.9345,0.4257,2.1844,-1.8491,0.3675,1.0514,-4.115,0.2404,1.1938,-0.5688,0.2236,1.4962,-1.4561,0.1807,1.1394,-2.3219,0.1133,0.6977,1.5667,0.1577,0.5229,2.6064,0.2328,0.46,1.6071,0.2802,0.6034,-0.5102,0.2649,3.7953,-2.8718,0.1792,1.3902,-2.1647,0.1164,0.6722,-2.3206,0.0505,0.4988,-0.3315,0.0413,0.3283,3.6585,0.1424,0.3761,-0.4813,0.1286,0.4289,1.2359,0.1639,0.5851,0.3185,0.173,0.753,-0.6349,0.1547,0.4618,4.8456,0.294,0.6403,0.8126,0.3185,0.5712,-0.806,0.294,0.5342,-2.387,0.2221,0.4252,-0.6243,0.2037,0.5176,2.3037,0.2711,0.6619,3.173,0.366,0.9338,0.5456,0.3828,0.4417,-2.368,0.3093,0.6225,2.2233,0.3767,0.2984,2.6199,0.4579,0.3512,0.7225,0.4809,0.5882,-4.3042,0.343,0.8398,-1.3993,0.3002,1.5325,-2.5342,0.2236,0.6468,-2.6521,0.1455,0.8299,-5.0748,0.0,6.437,10.242,0.2787,1.7571,-1.8377,0.2236,1.4353,-0.936,0.196,0.765,2.5197,0.2695,0.7735,3.3794,0.3706,1.008,1.5354,0.4181,0.7545,-1.2683,0.3783,0.9128,1.8775,0.4364,0.8223,5.4801,0.6095,1.2121,1.4253,0.657,1.9275,-0.4986,0.6401,1.0529,1.0934,0.6769,0.8723,-0.7661,0.6508,1.6737,0.8174,0.6784,0.9874,2.7928,0.7734,1.5186,-0.0438,0.7718,0.4287,-1.8413,0.7075,1.3146,0.5806,0.7274,0.4379,-3.3748,0.611,0.5228,-0.1379,0.6064,0.3612,2.439,0.6876,0.5949,-1.7071,0.6294,0.3631,0.2742,0.6386,0.7288,-2.0966,0.5681,0.3559,-3.2588,0.4609,0.9212,-0.2887,0.4518,0.6749,-0.1448,0.4472,3.036,2.4166,0.5237,1.0829,-2.5012,0.4426,0.5965,3.1462,0.5421,0.9396,1.0324,0.5758,0.8917,1.9972,0.6417,0.6174,2.9599,0.7412,1.2457,-2.7864,0.6447,1.1608,2.6388,0.7335,0.9013,-0.133,0.7289,1.5271,2.53,0.8162,3.2582,-0.3896,0.8025,2.0484,-4.259,0.6524,1.6863,5.8103,0.8484,1.2173,-0.4505,0.8323,1.1547,2.7796,0.9311,3.2028,1.5933,0.9893,1.0127,0.2889,1.0,0.8228,-0.9465,0.9648,0.5987,-2.4512,0.8744,0.6079,-0.2129,0.8668,0.4764,-2.3047,0.7841,0.7343,1.5727,0.8392,1.9849,4.172,0.9877,1.0384,-2.0231,0.9127,0.7931,-3.4977,0.7856,1.0261,0.6114,0.807,1.3179,1.2153,0.8499,0.5281,-0.9434,0.8162,0.7202,0.3896,0.83,0.6429,-1.8542,0.7642,0.9499,0.3515,0.7764,0.5114,5.9982,0.9862,0.814,28.792,1.6616,11.6138,7.5347,-9.9522,59.9527,0.869,0.9963,2.0175,0.0388,1.0317,1.0731,0,0,0,0,0,0,0,0,0,0,0,0,0,1,0,VERX,2023-11-03,1,23.4
0.0,0.105,0.6294,1.2442,0.1375,0.3631,0.4608,0.1497,0.4927,1.5291,0.1904,0.5158,0.6627,0.2083,0.5041,-1.7355,0.1611,0.4364,0.4263,0.1725,0.4594,-0.7277,0.153,0.6492,0.1069,0.1558,0.5819,-1.2967,0.1212,0.9734,-4.6059,0.0,1.5314,0.3564,0.009,0.8048,-0.0646,0.0073,0.6299,0.1939,0.0122,0.652,0.6772,0.0293,0.8825,-0.8328,0.0081,0.9125,1.938,0.057,1.1633,-0.5387,0.0431,0.6494,1.338,0.0773,0.5991,5.0299,0.2075,1.8242,-0.0599,0.2059,0.8725,2.3959,0.271,0.9038,4.9137,0.4076,1.3904,-2.1466,0.345,1.0225,-0.4558,0.332,0.9387,0.7155,0.3523,0.61,-0.7673,0.3303,0.8761,2.921,0.4133,0.7574,2.6711,0.4915,1.0594,0.2439,0.4988,0.6165,2.2709,0.5671,0.9555,-3.0135,0.4744,0.9686,0.2998,0.4833,1.2774,-0.2446,0.476,0.5382,1.7162,0.5273,0.9784,-0.0803,0.5248,0.7798,1.3401,0.5655,0.9605,0.357,0.5765,0.6096,-0.7247,0.5541,0.6019,-1.699,0.502,0.8501,-1.9714,0.4426,1.0166,-1.2672,0.4052,1.5672,-1.0045,0.3759,0.6052,3.6922,0.4825,1.7974,0.1087,0.4858,0.5779,-0.9232,0.4581,0.8601,0.2466,0.4654,0.8833,-0.7928,0.4418,1.7605,-4.2711,0.3157,0.9772,-0.5181,0.3011,0.7938,2.4595,0.3702,3.6811,0.0,0.3702,0.464,2.8523,0.4524,0.2655,1.4552,0.4955,0.7054,-0.9202,0.4679,0.43,-1.8301,0.4133,0.5305,-0.7234,0.3922,0.6656,1.093,0.4239,0.9688,-0.804,0.4003,0.9587,1.621,0.4475,1.2486,-0.495,0.4329,1.4309,2.2388,0.4988,0.9646,-6.3531,0.3076,1.1998,-1.2413,0.2726,1.0275,3.537,0.371,0.7792,1.6093,0.4174,0.6955,2.6118,0.4939,0.6142,0.8936,0.5207,0.7652,-0.2684,0.5126,0.8289,0.6728,0.533,0.87,3.181,0.6298,1.248,2.3834,0.7046,1.3311,-3.0617,0.6062,1.0572,1.6184,0.6566,0.8992,1.7467,0.712,1.5859,0.1515,0.7168,1.0423,0.9831,0.7486,1.3494,-0.5242,0.7315,0.9685,0.6023,0.751,0.9615,2.1701,0.8218,1.21,-1.8555,0.76,1.4134,-3.3085,0.6517,1.3498,-1.3635,0.6086,2.0198,-1.9562,0.5476,0.9671,-2.0484,0.4849,1.1876,0.0543,0.4866,0.8727,-0.19,0.4809,0.5828,2.6108,0.559,1.0951,1.4312,0.6029,1.8739,-3.1879,0.5037,1.0354,-4.4804,0.3686,1.1347,0.989,0.3971,0.965,-1.7907,0.345,0.8816,1.2821,0.3816,1.0873,-0.1125,0.3784,0.9166,2.9569,0.4638,1.3924,-0.2462,0.4565,0.9152,-1.5355,0.4109,1.1606,1.0025,0.4402,0.69,0.8271,0.4646,1.1899,0.1094,0.4679,1.0794,-4.1246,0.345,1.0369,1.1966,0.3792,0.9455,-0.3941,0.3678,0.8813,-3.3635,0.271,0.7907,4.4457,0.3946,0.6235,1.0361,0.4247,0.7282,0.6098,0.4426,0.704,2.6997,0.5224,0.5137,1.1803,0.5582,0.5783,-0.3712,0.5468,1.4379,3.4593,0.6526,0.6395,2.4177,0.729,0.7935,-3.2145,0.6249,0.8101,-2.1536,0.5574,1.0415,0.1326,0.5614,0.7479,0.9534,0.5907,0.8331,1.128,0.6257,1.2096,1.9455,0.6867,0.9191,-4.8346,0.5321,1.2204,-6.1364,0.3454,1.3569,0.1282,0.3491,1.517,-6.6287,0.1595,1.8975,9.1712,0.4044,2.3677,-0.8094,0.3808,0.9822,4.1925,0.502,0.991,3.2406,0.5997,1.1197,1.0986,0.6338,1.1716,-2.1992,0.5647,0.8741,1.746,0.6184,1.0913,-3.3801,0.5126,0.6814,3.8482,0.629,0.824,1.3475,0.6713,1.6311,-1.4574,0.6249,0.98,-0.467,0.6103,1.5671,2.1898,0.6786,1.0295,-1.7347,0.6233,0.9096,1.6355,0.6745,1.0995,1.7114,0.729,0.9254,3.3651,0.8381,0.7461,1.895,0.9015,0.8895,-1.3591,0.8552,0.4439,0.6043,0.8755,0.8296,2.0663,0.9455,0.6541,1.5772,1.0,0.8336,-1.4368,0.9496,0.8778,-0.3997,0.9357,0.9507,-0.3777,0.9227,0.9083,-2.891,0.8234,1.7509,1.1469,0.8617,0.8391,29.5012,-3.622,13.9437,26.8277,-17.5657,56.8654,0.6392,0.9606,1.9119,0.0326,1.0238,1.0806,0,0,0,0,0,0,0,0,0,0,0,0,0,1,0,VIRT,2025-05-21,0,41.51
0.0,0.1093,0.9962,-2.1058,0.0634,1.7501,4.2228,0.1536,1.6947,4.1564,0.2462,1.3334,5.4972,0.3738,1.4995,-3.5056,0.288,1.3558,4.5928,0.3965,1.5131,4.1166,0.4982,1.265,5.626,0.6429,1.752,-1.8716,0.5921,1.1631,2.6623,0.6631,0.8665,-8.3062,0.4357,1.5997,2.1275,0.4891,1.3157,-0.4547,0.4774,0.9057,-0.0083,0.4772,0.6828,3.5628,0.5681,0.6835,2.4699,0.6334,0.8271,0.2191,0.6393,0.9343,-2.6394,0.5677,0.9793,-0.3369,0.5588,0.9545,-1.0301,0.5317,0.8892,0.7969,0.5524,0.9084,0.2017,0.5577,0.6421,2.5199,0.6241,1.0183,0.6125,0.6406,0.8756,2.8801,0.7188,0.8209,-1.6767,0.672,1.1643,2.2762,0.7345,0.7341,0.8072,0.7572,0.8412,1.3471,0.7953,0.9479,2.4147,0.8646,0.8761,4.6074,1.0,1.1091,-0.903,0.9722,1.1759,-0.2504,0.9646,0.885,-2.0222,0.9032,0.9814,-6.3341,0.7146,1.3107,1.626,0.7599,1.0281,-4.0748,0.6444,1.6743,-7.4513,0.4418,2.0626,-5.3057,0.3083,2.8214,3.5841,0.3937,1.4695,-2.8677,0.3229,1.3384,-7.6019,0.1407,1.6301,-0.574,0.128,2.255,7.9958,0.3041,1.2432,3.5727,0.3891,1.1711,-6.3656,0.2323,0.7382,-2.361,0.1778,0.8092,1.5995,0.2138,0.5711,-4.0656,0.1208,0.6978,-1.8148,0.0809,0.7192,4.5522,0.1791,0.5655,0.6489,0.1937,0.4816,0.7101,0.2098,0.3911,-2.7182,0.1477,0.423,-2.3555,0.0954,0.423,-1.5724,0.0612,0.7102,3.7805,0.142,0.3876,1.6445,0.1784,0.4546,2.2858,0.2299,0.4489,0.4966,0.2414,0.4607,-4.6944,0.1327,0.881,-0.1248,0.1299,0.7097,5.0952,0.2422,0.7323,-1.5459,0.2064,0.6283,3.5957,0.2884,0.9957,-1.7848,0.2462,1.7104,1.1506,0.2729,1.4855,-0.1083,0.2704,0.97,2.1148,0.32,1.054,-4.5845,0.2102,1.2703,-3.2279,0.1365,1.3658,0.6326,0.1505,0.9095,1.3335,0.1801,0.7313,4.0229,0.2708,0.8735,0.9849,0.2939,1.0782,2.0848,0.3433,0.9085,0.9642,0.3666,0.5941,-2.8127,0.2979,0.9455,1.2148,0.3268,0.8225,3.9185,0.4209,0.999,0.8832,0.4429,1.0877,-0.202,0.4378,0.6433,0.4892,0.4501,0.6788,2.5015,0.5132,0.7872,0.0082,0.5135,0.8443,1.0154,0.5397,0.9999,-1.1997,0.5084,0.7947,1.2635,0.541,0.8961,-4.3672,0.4268,1.0924,-0.771,0.4075,1.2742,-5.5328,0.2702,1.2301,2.8742,0.3376,1.0447,-0.9137,0.3155,0.7295,-0.1419,0.3121,0.8481,-0.6127,0.2975,0.7591,1.2418,0.327,0.7433,0.8207,0.3467,0.7328,-2.5558,0.2848,0.854,-1.5629,0.2479,1.4856,-4.0423,0.1541,1.8255,-0.6657,0.1392,2.8783,0.201,0.1437,0.8993,2.6273,0.2019,1.0693,-1.7594,0.1619,1.0766,1.9521,0.2056,0.7445,-6.5248,0.0568,1.4412,-2.6648,0.0,1.1386,3.3507,0.0695,0.7751,7.5418,0.2312,0.9706,-1.4338,0.1981,0.7508,-0.3637,0.1899,0.8991,5.11,0.3056,0.9725,4.6924,0.4172,1.0567,0.4337,0.4281,1.0072,0.9569,0.452,0.6749,-4.563,0.3367,1.0744,-2.5664,0.2748,0.8052,-1.0554,0.2501,0.655,5.0232,0.3668,0.9695,4.9132,0.4868,1.0343,-5.5767,0.3439,0.8789,1.2093,0.3732,0.9462,1.9048,0.4198,1.2529,5.3186,0.5524,1.1817,0.3872,0.5626,1.0468,2.6519,0.6325,0.8402,1.1586,0.6639,1.1699,-1.8728,0.6126,1.1205,-0.0473,0.6114,0.831,1.2072,0.6438,0.8849,-1.7853,0.5953,0.8853,-0.3413,0.5861,1.08,3.5444,0.6804,1.0026,-3.2077,0.5921,1.0281,3.0835,0.6743,0.8172,-0.7632,0.6533,0.8097,2.3773,0.7182,0.9688,0.3567,0.7281,0.9575,-3.2136,0.6381,1.0455,3.4766,0.7324,0.7403,1.1401,0.7644,1.1496,2.12,0.8245,1.1792,2.8582,0.9074,1.2093,-3.6813,0.7976,1.1827,1.7561,0.8481,0.7381,-0.2103,0.8419,0.8766,-1.2062,0.8067,1.0162,4.4278,0.9343,0.8181,-1.951,0.8756,0.7639,44.3923,6.4373,28.1414,43.3022,-21.7041,60.9994,0.8154,0.9595,2.0796,0.036,1.0474,1.1487,0,0,0,0,0,0,0,0,0,0,0,0,1,0,0,VLO,2022-11-29,0,135.2
0.0,0.2945,0.1946,2.144,0.3398,0.3116,2.5487,0.3948,0.4162,2.6316,0.4531,0.5355,0.5698,0.466,0.2774,2.1246,0.5146,0.1778,2.2191,0.5663,0.514,2.9851,0.6375,0.7959,1.8445,0.6828,0.6594,1.0349,0.7087,0.3127,0.3841,0.7184,0.2843,-0.6378,0.7023,0.3252,-1.2837,0.6699,0.4316,0.9103,0.6926,0.3369,2.0619,0.7443,0.4914,-0.8838,0.7217,0.6468,0.8917,0.7443,0.7752,0.5051,0.7573,1.5281,-14.196,0.3916,2.4797,-4.3924,0.2945,1.1073,0.1531,0.2977,0.6282,0.1529,0.301,1.2304,-5.3435,0.1877,0.626,1.7742,0.2233,0.2673,-1.1094,0.2006,0.4425,3.0449,0.2621,0.4187,1.0886,0.2848,0.301,-0.1538,0.2816,0.5114,-5.3929,0.1683,0.9562,1.7915,0.2039,0.9138,1.44,0.233,0.7214,-5.5205,0.1197,0.6708,0.8347,0.1359,0.5871,2.649,0.1877,1.2512,-0.3226,0.1812,0.508,-1.4563,0.1521,0.235,-2.4631,0.1036,1.2383,-1.3468,0.0777,0.7654,1.1945,0.1003,0.5821,-1.0118,0.0809,0.7196,-1.0221,0.0615,0.7219,-2.0654,0.0227,0.9683,-0.1757,0.0194,1.0991,1.0563,0.0388,1.3393,-0.3484,0.0324,1.7875,1.9231,0.068,0.3703,1.8868,0.1036,0.8735,-2.3569,0.0583,0.3504,0.5172,0.068,0.8424,-0.6861,0.055,0.7197,-0.6908,0.0421,0.8203,1.913,0.0777,0.5015,-0.1706,0.0744,0.6942,-3.7607,0.0032,1.0954,-0.1776,0.0,0.9301,0.1779,0.0032,0.5774,0.8881,0.0194,0.4733,2.2887,0.0615,0.5529,1.5491,0.0906,0.6809,1.6949,0.123,2.1336,-0.6667,0.11,1.403,-0.6711,0.0971,0.6736,0.6757,0.11,0.2405,1.5101,0.1392,0.4958,-1.9835,0.1003,0.4014,-2.0236,0.0615,0.4196,-1.5491,0.0324,0.4712,-1.049,0.0129,0.821,2.4735,0.0583,0.8991,1.3793,0.0841,1.0259,0.5102,0.0939,0.5057,0.1692,0.0971,0.5581,-0.6757,0.0841,0.6909,-2.2109,0.0421,0.8984,1.7391,0.0744,1.7228,1.3675,0.1003,1.1312,5.059,0.1974,0.8975,7.0626,0.3398,0.8762,0.5997,0.3528,1.1874,-3.2787,0.2816,0.4856,0.9245,0.301,0.8555,1.8321,0.3398,0.9755,-1.4993,0.3074,0.9308,3.1963,0.3754,0.6878,0.7375,0.3916,0.896,1.4641,0.4239,0.4174,0.0,0.4239,0.744,0.1443,0.4272,1.1972,-1.7291,0.3883,0.6941,0.1466,0.3916,1.0416,3.5139,0.4693,2.9823,-1.1315,0.4434,2.7006,-1.0014,0.4207,0.2784,0.4335,0.4304,1.1563,-1.295,0.4013,0.4521,0.8746,0.4207,0.8674,0.0,0.4207,0.4962,4.0462,0.5113,0.9626,-1.1111,0.4854,0.3279,0.9831,0.5081,1.2173,1.8081,0.5502,2.1693,0.2732,0.5566,1.588,0.545,0.5696,0.8393,0.271,0.5761,0.7645,-3.3784,0.4951,1.3025,-0.8392,0.4757,0.4434,-0.5642,0.4628,0.7209,1.2766,0.4919,0.4641,0.0,0.4919,0.7852,1.6807,0.5307,1.9229,-0.9642,0.5081,1.5177,0.8345,0.5275,0.8339,-1.1034,0.5016,1.7896,0.6974,0.5178,1.788,1.662,0.5566,1.6202,3.951,0.6505,3.4532,-0.9174,0.6278,1.5352,-3.4392,0.5437,1.031,2.0548,0.5922,0.6029,1.8792,0.6375,0.6517,-1.8445,0.5922,0.8613,2.2819,0.6472,0.66,-0.7874,0.6278,0.8524,-0.1323,0.6246,0.3952,1.457,0.6602,0.5437,0.3916,0.6699,1.0187,1.6905,0.712,0.5714,0.3836,0.7217,0.7284,-3.1847,0.6408,1.2419,1.0526,0.6667,1.4945,6.5104,0.8285,1.7458,-3.7897,0.7282,1.8475,1.3977,0.7638,0.3987,-2.6316,0.6958,1.1808,1.1583,0.7249,1.1551,0.2545,0.7314,1.2592,2.7919,0.8026,2.4437,3.3333,0.89,1.7915,0.1195,0.8932,0.6595,-2.148,0.835,0.9084,0.8537,0.8576,4.4531,0.8464,0.8803,1.3521,1.7986,0.9288,1.0692,2.5913,1.0,1.094,-1.3777,0.9612,0.8093,-3.6088,0.8608,1.8858,-1.087,0.8317,1.6231,2.6862,0.9029,0.9541,0.1189,0.9061,0.514,1.6627,0.9515,0.7241,46.8364,4.5946,14.6256,20.0401,-10.031,61.907,0.8061,0.9828,2.3911,0.0347,1.0385,1.1051,0,0,0,0,0,0,0,0,0,0,0,0,0,0,1,VMD,2023-02-14,1,8.51
0.0,0.4955,0.8666,0.0,0.4955,0.467,-5.6528,0.432,0.8383,-6.8474,0.3595,1.0111,2.4502,0.3837,0.5335,3.7369,0.4215,2.8597,3.3141,0.4562,1.9459,1.6736,0.4743,1.5084,2.332,0.5,1.9777,-4.4236,0.4502,1.4127,11.2202,0.571,1.0105,-4.2875,0.5196,1.1967,2.108,0.5438,0.6659,3.6129,0.5861,1.3486,-5.2304,0.5227,1.0272,-1.7083,0.503,1.1131,11.0963,0.6284,2.8103,2.5271,0.6601,1.596,-10.6808,0.5227,1.0573,2.1025,0.5468,0.6552,-3.2175,0.5091,0.7279,-19.9468,0.2825,4.9985,-1.9934,0.2644,1.0166,4.5763,0.3051,0.7327,0.1621,0.3066,0.4413,3.8835,0.3429,0.5693,-4.8287,0.2961,0.4128,0.1637,0.2976,0.3503,-2.451,0.2749,0.5884,-1.5075,0.2613,0.6679,-4.7619,0.219,0.5422,0.7143,0.2251,0.4068,-5.8511,0.1752,0.7951,-2.2599,0.1571,0.6838,-5.0096,0.1178,3.1448,-6.288,0.071,1.1266,-1.2987,0.0619,0.9687,-5.7018,0.0227,1.0231,-3.2558,0.0015,1.2947,-0.2404,0.0,2.0621,0.0,0.0,0.8811,3.3735,0.0211,0.9961,13.0536,0.1057,2.2688,-1.0309,0.0982,0.6761,-2.2917,0.0816,0.9031,0.4264,0.0846,0.5475,2.1231,0.0997,0.7881,-1.4553,0.0891,0.6247,-1.1603,0.0808,0.4696,5.8698,0.1224,0.6727,-1.4113,0.1118,0.6468,7.362,0.1662,0.5887,-2.6667,0.145,0.4807,0.9785,0.1526,0.9302,-1.1628,0.1435,0.9344,3.3333,0.1692,0.7561,1.518,0.1813,1.2077,-1.1215,0.1722,0.891,16.0681,0.3006,2.9036,-1.9544,0.2825,0.9355,4.485,0.3233,1.1998,-0.9539,0.3142,1.5812,-0.9631,0.3051,1.1205,-1.4587,0.2915,0.8735,-1.1513,0.281,0.466,-0.6656,0.2749,0.4408,-4.1876,0.2372,0.8229,-1.7483,0.2221,1.0869,19.9288,0.3912,1.6958,14.2433,0.5363,2.8724,6.6234,0.6133,1.3431,-2.3143,0.5846,1.7299,-3.616,0.5408,1.2406,6.3389,0.6148,0.9277,-3.0414,0.577,0.4385,-2.2585,0.5498,0.602,6.8036,0.6299,1.367,3.726,0.6767,0.9546,5.2144,0.7447,1.529,-1.1013,0.7296,1.1031,-0.8909,0.7175,0.5868,4.382,0.7764,0.8548,-0.6459,0.7674,0.7331,0.2167,0.7704,0.4912,-0.3243,0.7659,0.6172,3.0369,0.8082,0.9649,11.1579,0.9683,1.2971,1.9886,1.0,1.2591,-5.0139,0.9184,0.6308,-3.0303,0.8716,0.6984,-0.4032,0.8656,1.0674,-5.3644,0.7855,0.5396,3.9572,0.8414,0.646,1.0288,0.8565,0.7182,-7.0265,0.7523,0.714,3.3954,0.7991,0.7661,1.0593,0.8142,0.4951,-5.1363,0.7402,1.187,0.884,0.7523,1.0147,0.6572,0.7613,0.9169,-6.3112,0.6737,0.7008,0.0,0.6737,0.6386,3.252,0.716,0.5229,-2.8121,0.6782,0.8407,2.1991,0.7069,0.5618,-0.3398,0.7024,0.519,2.1591,0.7311,0.4966,-3.2258,0.6873,0.7898,-1.0345,0.6737,0.6588,4.5296,0.7326,0.9882,-0.6667,0.7236,1.1129,3.3557,0.7689,1.8444,-7.2511,0.6677,1.1921,8.4014,0.7764,1.0822,-3.1216,0.7326,0.9068,4.4444,0.7931,1.1109,1.1702,0.8097,1.3096,-3.0494,0.7659,0.7498,-13.0152,0.5846,4.1973,-0.3741,0.5801,1.3362,-1.627,0.5604,1.1369,-0.6361,0.5529,0.7306,1.7926,0.574,0.7893,9.6855,0.6903,2.1219,1.4908,0.71,0.9503,-0.565,0.7024,0.6429,4.8864,0.7674,1.3387,2.3835,0.8006,0.7571,4.7619,0.8686,1.3617,-20.101,0.568,3.417,3.1606,0.6057,1.2639,-2.8186,0.571,0.8759,1.7654,0.5921,0.4945,2.2305,0.6193,0.4379,2.4242,0.6495,0.5151,0.7101,0.6586,0.4205,-4.7004,0.5982,0.3869,-6.8434,0.5144,1.0404,21.1118,0.7553,1.589,1.3115,0.7734,0.7873,0.0,0.7734,0.8877,5.8252,0.855,0.9516,1.9368,0.8837,0.9323,-1.6,0.8595,2.6347,4.1667,0.9215,0.6478,3.7073,0.9789,0.9714,0.0941,0.9804,0.2274,-2.8195,0.935,0.9719,-5.4159,0.8505,0.5623,2.863,0.8927,0.4912,32.6162,31.5691,19.1099,21.9101,12.4592,57.382,0.7206,0.9341,2.7411,0.0717,1.093,1.1242,0,0,0,0,0,0,0,0,0,0,0,0,0,0,1,VSTM,2025-12-08,0,10.25
